user,date,real_name,pc,login_count,after_hours_login,file_access_count,sensitive_file_access,email_count,external_email_count,web_upload_mb,avg_session_minutes
employee_001,2025-01-06,Person 0,PC-100,3,0,60,0,30,5,17.3,170.59
employee_001,2025-01-07,Person 0,PC-100,2,0,52,0,67,5,16.94,148.64
employee_001,2025-01-08,Person 0,PC-100,3,0,51,0,36,5,16.55,204.96
employee_001,2025-01-09,Person 0,PC-100,3,0,51,0,30,6,15.68,201.13
employee_001,2025-01-10,Person 0,PC-100,3,0,52,0,35,5,19.27,174.04
employee_001,2025-01-11,Person 0,PC-100,2,0,46,0,34,5,14.87,178.89
employee_001,2025-01-12,Person 0,PC-100,3,0,98,0,32,5,15.4,132.3
employee_001,2025-01-13,Person 0,PC-100,3,0,60,0,29,6,16.09,153.93
employee_001,2025-01-14,Person 0,PC-100,2,0,46,0,36,5,16.72,168.2
employee_001,2025-01-15,Person 0,PC-100,2,0,57,0,33,6,16.86,184.16
employee_001,2025-01-16,Person 0,PC-100,3,0,51,0,33,5,16.75,188.94
employee_001,2025-01-17,Person 0,PC-100,2,0,54,0,40,6,18.6,193.02
employee_001,2025-01-18,Person 0,PC-100,3,0,48,0,26,5,16.78,142.54
employee_001,2025-01-19,Person 0,PC-100,2,0,58,0,32,4,17.45,145.09
employee_001,2025-01-20,Person 0,PC-100,3,0,60,0,41,3,12.36,160.04
employee_001,2025-01-21,Person 0,PC-100,3,0,63,0,36,5,14.4,160.08
employee_001,2025-01-22,Person 0,PC-100,2,0,67,0,37,5,16.88,168.85
employee_001,2025-01-23,Person 0,PC-100,3,0,51,0,40,6,17.17,170.24
employee_001,2025-01-24,Person 0,PC-100,3,0,51,0,34,5,15.83,169.87
employee_001,2025-01-25,Person 0,PC-100,2,0,50,0,34,5,14.51,217.16
employee_001,2025-01-26,Person 0,PC-100,3,0,47,0,42,5,16.26,145.93
employee_001,2025-01-27,Person 0,PC-100,3,0,52,0,37,5,16.51,214.11
employee_001,2025-01-28,Person 0,PC-100,3,0,45,0,28,4,21.67,158.07
employee_001,2025-01-29,Person 0,PC-100,3,0,47,0,33,5,15.95,144.01
employee_001,2025-01-30,Person 0,PC-100,3,0,50,0,40,4,18.47,134.39
employee_001,2025-01-31,Person 0,PC-100,3,0,47,0,33,4,18.87,197.22
employee_001,2025-02-01,Person 0,PC-100,2,0,51,0,30,6,16.71,153.88
employee_001,2025-02-02,Person 0,PC-100,2,0,53,0,38,4,16.81,155.38
employee_001,2025-02-03,Person 0,PC-100,2,0,55,0,32,5,15.11,158.57
employee_001,2025-02-04,Person 0,PC-100,2,0,53,0,36,4,14.47,190.34
employee_001,2025-02-05,Person 0,PC-100,2,0,36,0,31,4,19.75,166.05
employee_001,2025-02-06,Person 0,PC-100,2,0,54,0,41,5,16.56,158.85
employee_001,2025-02-07,Person 0,PC-100,2,0,54,0,33,5,16.85,161.51
employee_001,2025-02-08,Person 0,PC-100,2,0,52,0,33,8,17.64,165.26
employee_001,2025-02-09,Person 0,PC-100,2,0,58,0,37,4,19.28,179.49
employee_001,2025-02-10,Person 0,PC-100,3,0,45,0,34,6,33.51,159.86
employee_001,2025-02-11,Person 0,PC-100,3,0,55,0,37,5,13.09,173.38
employee_001,2025-02-12,Person 0,PC-100,2,0,40,0,33,6,16.42,188.97
employee_001,2025-02-13,Person 0,PC-100,3,0,51,0,35,5,16.63,154.11
employee_001,2025-02-14,Person 0,PC-100,3,0,49,0,40,5,18.97,197.73
employee_001,2025-02-15,Person 0,PC-100,2,0,57,0,40,5,21.63,175.88
employee_001,2025-02-16,Person 0,PC-100,3,0,58,0,39,5,18.06,185.09
employee_001,2025-02-17,Person 0,PC-100,2,0,50,0,28,5,18.8,189.6
employee_001,2025-02-18,Person 0,PC-100,3,0,60,0,38,3,16.27,188.98
employee_001,2025-02-19,Person 0,PC-100,2,0,51,0,37,7,12.73,149.03
employee_002,2025-01-06,Person 1,PC-101,2,0,33,2,37,3,9.25,143.57
employee_002,2025-01-07,Person 1,PC-101,2,0,28,1,35,4,8.26,135.89
employee_002,2025-01-08,Person 1,PC-101,1,0,29,1,30,4,6.44,118.67
employee_002,2025-01-09,Person 1,PC-101,2,1,21,1,33,2,8.99,146.9
employee_002,2025-01-10,Person 1,PC-101,2,0,28,1,32,5,7.56,140.09
employee_002,2025-01-11,Person 1,PC-101,2,0,24,2,28,3,7.65,144.52
employee_002,2025-01-12,Person 1,PC-101,2,0,25,1,30,6,9.95,124.46
employee_002,2025-01-13,Person 1,PC-101,3,1,30,1,35,3,10.7,114.39
employee_002,2025-01-14,Person 1,PC-101,2,1,29,2,35,4,7.93,153.14
employee_002,2025-01-15,Person 1,PC-101,2,1,23,2,31,3,7.76,185.76
employee_002,2025-01-16,Person 1,PC-101,2,1,22,1,32,4,9.18,135.86
employee_002,2025-01-17,Person 1,PC-101,2,0,30,1,33,4,10.68,125.66
employee_002,2025-01-18,Person 1,PC-101,2,0,31,2,29,7,9.22,135.09
employee_002,2025-01-19,Person 1,PC-101,3,1,28,1,30,5,7.88,158.95
employee_002,2025-01-20,Person 1,PC-101,2,1,30,2,35,3,7.95,117.45
employee_002,2025-01-21,Person 1,PC-101,2,0,27,2,53,4,10.47,153.18
employee_002,2025-01-22,Person 1,PC-101,2,0,28,2,30,4,8.76,141.07
employee_002,2025-01-23,Person 1,PC-101,2,0,22,1,28,3,7.36,139.41
employee_002,2025-01-24,Person 1,PC-101,2,0,23,1,31,2,10.28,131.1
employee_002,2025-01-25,Person 1,PC-101,1,1,23,1,28,4,8.65,117.76
employee_002,2025-01-26,Person 1,PC-101,1,0,33,1,36,5,11.04,125.56
employee_002,2025-01-27,Person 1,PC-101,2,0,30,1,32,3,10.16,133.07
employee_002,2025-01-28,Person 1,PC-101,3,0,29,1,31,4,8.56,144.17
employee_002,2025-01-29,Person 1,PC-101,2,0,28,1,35,4,8.16,133.12
employee_002,2025-01-30,Person 1,PC-101,2,0,24,1,34,3,9.55,136.06
employee_002,2025-01-31,Person 1,PC-101,3,0,29,1,28,4,8.03,142.15
employee_002,2025-02-01,Person 1,PC-101,3,0,23,1,30,4,8.81,124.77
employee_002,2025-02-02,Person 1,PC-101,1,0,24,1,24,3,9.43,160.83
employee_002,2025-02-03,Person 1,PC-101,2,1,26,2,32,3,8.39,129.36
employee_002,2025-02-04,Person 1,PC-101,2,0,24,1,39,3,7.24,168.02
employee_002,2025-02-05,Person 1,PC-101,1,1,24,1,36,4,9.99,142.74
employee_002,2025-02-06,Person 1,PC-101,2,0,31,1,36,2,8.54,148.54
employee_002,2025-02-07,Person 1,PC-101,2,1,22,2,35,3,10.13,150.86
employee_002,2025-02-08,Person 1,PC-101,3,1,26,2,33,3,9.89,152.41
employee_002,2025-02-09,Person 1,PC-101,3,0,22,1,34,4,8.88,148.13
employee_002,2025-02-10,Person 1,PC-101,2,0,23,2,35,4,18.88,131.73
employee_002,2025-02-11,Person 1,PC-101,3,0,31,1,25,5,10.77,127.7
employee_002,2025-02-12,Person 1,PC-101,1,0,28,1,32,3,8.5,121.32
employee_002,2025-02-13,Person 1,PC-101,2,1,24,1,38,3,9.57,120.89
employee_002,2025-02-14,Person 1,PC-101,2,0,28,1,29,3,11.18,191.05
employee_002,2025-02-15,Person 1,PC-101,2,1,23,1,43,5,11.04,172.41
employee_002,2025-02-16,Person 1,PC-101,2,0,27,1,39,4,8.12,161.07
employee_002,2025-02-17,Person 1,PC-101,2,0,24,1,27,5,8.21,173.73
employee_002,2025-02-18,Person 1,PC-101,2,0,29,1,30,3,9.27,120.04
employee_002,2025-02-19,Person 1,PC-101,2,1,25,1,29,5,7.8,141.27
employee_003,2025-01-06,Person 2,PC-102,3,0,32,2,16,2,18.43,215.23
employee_003,2025-01-07,Person 2,PC-102,3,1,37,2,20,2,16.02,230.07
employee_003,2025-01-08,Person 2,PC-102,3,0,41,2,23,3,17.92,279.09
employee_003,2025-01-09,Person 2,PC-102,4,0,36,3,21,3,16.77,254.03
employee_003,2025-01-10,Person 2,PC-102,4,0,39,3,17,2,17.24,288.13
employee_003,2025-01-11,Person 2,PC-102,4,0,52,2,14,5,17.72,239.73
employee_003,2025-01-12,Person 2,PC-102,4,0,34,2,16,3,15.44,191.47
employee_003,2025-01-13,Person 2,PC-102,4,0,40,3,16,3,17.14,182.68
employee_003,2025-01-14,Person 2,PC-102,3,0,37,2,14,3,15.8,230.19
employee_003,2025-01-15,Person 2,PC-102,3,0,32,2,18,2,15.3,290.71
employee_003,2025-01-16,Person 2,PC-102,3,0,38,2,19,2,15.1,305.28
employee_003,2025-01-17,Person 2,PC-102,3,0,38,2,18,2,16.82,178.84
employee_003,2025-01-18,Person 2,PC-102,3,0,39,2,17,2,16.85,210.82
employee_003,2025-01-19,Person 2,PC-102,4,0,29,2,16,1,13.8,229.66
employee_003,2025-01-20,Person 2,PC-102,3,0,39,2,18,3,15.22,271.88
employee_003,2025-01-21,Person 2,PC-102,4,0,36,2,15,3,18.43,249.83
employee_003,2025-01-22,Person 2,PC-102,3,0,40,3,18,3,15.59,217.48
employee_003,2025-01-23,Person 2,PC-102,3,0,34,3,19,2,13.88,270.37
employee_003,2025-01-24,Person 2,PC-102,8,0,39,2,16,3,14.51,219.65
employee_003,2025-01-25,Person 2,PC-102,3,0,39,3,16,3,12.14,220.57
employee_003,2025-01-26,Person 2,PC-102,2,0,39,3,15,2,21.1,248.94
employee_003,2025-01-27,Person 2,PC-102,4,0,42,2,18,3,15.15,207.21
employee_003,2025-01-28,Person 2,PC-102,4,0,37,3,16,2,14.23,236.46
employee_003,2025-01-29,Person 2,PC-102,3,0,37,3,16,3,19.49,276.64
employee_003,2025-01-30,Person 2,PC-102,4,0,38,2,17,2,21.52,204.42
employee_003,2025-01-31,Person 2,PC-102,3,0,32,3,15,3,16.93,173.8
employee_003,2025-02-01,Person 2,PC-102,4,0,38,3,19,2,16.97,245.34
employee_003,2025-02-02,Person 2,PC-102,3,0,37,2,21,3,21.88,239.18
employee_003,2025-02-03,Person 2,PC-102,4,0,33,2,16,3,14.49,200.98
employee_003,2025-02-04,Person 2,PC-102,3,0,33,3,17,3,16.65,262.07
employee_003,2025-02-05,Person 2,PC-102,3,0,40,2,20,2,20.15,207.24
employee_003,2025-02-06,Person 2,PC-102,3,0,31,2,18,2,15.13,260.7
employee_003,2025-02-07,Person 2,PC-102,3,0,43,2,17,8,15.47,205.04
employee_003,2025-02-08,Person 2,PC-102,3,0,40,2,15,3,26.48,279.99
employee_003,2025-02-09,Person 2,PC-102,3,0,45,3,16,3,19.08,208.17
employee_003,2025-02-10,Person 2,PC-102,4,0,38,3,15,2,17.84,228.55
employee_003,2025-02-11,Person 2,PC-102,4,0,44,3,16,2,20.22,241.88
employee_003,2025-02-12,Person 2,PC-102,3,0,37,2,14,2,18.32,207.93
employee_003,2025-02-13,Person 2,PC-102,4,0,38,2,14,3,15.34,238.05
employee_003,2025-02-14,Person 2,PC-102,4,0,44,3,16,2,14.62,277.17
employee_003,2025-02-15,Person 2,PC-102,4,0,36,3,19,2,17.5,264.02
employee_003,2025-02-16,Person 2,PC-102,3,0,37,3,16,2,18.42,212.88
employee_003,2025-02-17,Person 2,PC-102,3,0,33,2,19,3,18.22,286.07
employee_003,2025-02-18,Person 2,PC-102,4,1,43,2,13,2,13.68,249.66
employee_003,2025-02-19,Person 2,PC-102,3,0,37,2,15,3,16.28,200.4
employee_004,2025-01-06,Person 3,PC-103,3,0,25,4,17,4,23.99,237.91
employee_004,2025-01-07,Person 3,PC-103,3,0,34,3,11,6,27.93,190.08
employee_004,2025-01-08,Person 3,PC-103,3,0,23,3,14,4,22.16,241.9
employee_004,2025-01-09,Person 3,PC-103,2,0,36,3,17,4,23.53,195.24
employee_004,2025-01-10,Person 3,PC-103,2,0,38,4,15,4,25.03,168.02
employee_004,2025-01-11,Person 3,PC-103,3,0,31,2,17,6,23.48,196.86
employee_004,2025-01-12,Person 3,PC-103,3,0,35,3,14,4,23.54,197.33
employee_004,2025-01-13,Person 3,PC-103,3,0,23,3,14,5,22.87,220.58
employee_004,2025-01-14,Person 3,PC-103,3,0,33,2,19,4,28.17,183.53
employee_004,2025-01-15,Person 3,PC-103,3,0,25,3,13,4,27.57,258.88
employee_004,2025-01-16,Person 3,PC-103,3,0,30,3,16,6,23.27,230.63
employee_004,2025-01-17,Person 3,PC-103,3,0,31,3,17,4,23.33,186.51
employee_004,2025-01-18,Person 3,PC-103,3,0,33,2,14,4,23.96,182.8
employee_004,2025-01-19,Person 3,PC-103,2,0,28,3,15,5,26.44,185.79
employee_004,2025-01-20,Person 3,PC-103,3,0,35,2,16,5,24.01,238.81
employee_004,2025-01-21,Person 3,PC-103,3,0,34,3,16,4,22.6,194.43
employee_004,2025-01-22,Person 3,PC-103,2,0,37,3,16,4,22.1,190.55
employee_004,2025-01-23,Person 3,PC-103,2,0,23,3,14,5,24.77,181.84
employee_004,2025-01-24,Person 3,PC-103,3,0,30,3,16,5,24.64,224.08
employee_004,2025-01-25,Person 3,PC-103,2,0,32,3,19,3,23.62,142.87
employee_004,2025-01-26,Person 3,PC-103,4,0,39,3,16,5,19.06,184.69
employee_004,2025-01-27,Person 3,PC-103,3,0,28,3,16,4,21.74,203.47
employee_004,2025-01-28,Person 3,PC-103,2,0,30,3,14,4,25.11,182.54
employee_004,2025-01-29,Person 3,PC-103,3,0,36,3,16,5,28.86,185.75
employee_004,2025-01-30,Person 3,PC-103,3,0,63,2,17,4,24.14,202.98
employee_004,2025-01-31,Person 3,PC-103,2,0,31,3,15,5,21.04,218.64
employee_004,2025-02-01,Person 3,PC-103,3,0,25,3,16,4,20.23,202.92
employee_004,2025-02-02,Person 3,PC-103,3,0,32,3,17,4,25.75,206.0
employee_004,2025-02-03,Person 3,PC-103,3,0,36,3,16,6,26.32,217.31
employee_004,2025-02-04,Person 3,PC-103,3,0,28,3,16,5,22.11,185.94
employee_004,2025-02-05,Person 3,PC-103,5,0,28,3,14,4,20.41,194.24
employee_004,2025-02-06,Person 3,PC-103,3,0,39,3,16,4,24.96,215.04
employee_004,2025-02-07,Person 3,PC-103,3,0,26,3,13,4,25.23,163.1
employee_004,2025-02-08,Person 3,PC-103,2,0,23,3,13,4,23.64,180.55
employee_004,2025-02-09,Person 3,PC-103,3,0,30,2,14,5,25.43,169.33
employee_004,2025-02-10,Person 3,PC-103,3,0,25,3,14,4,24.85,177.09
employee_004,2025-02-11,Person 3,PC-103,4,0,31,3,15,6,21.42,209.27
employee_004,2025-02-12,Person 3,PC-103,2,0,25,3,14,4,27.47,215.88
employee_004,2025-02-13,Person 3,PC-103,3,0,33,2,12,5,24.26,196.43
employee_004,2025-02-14,Person 3,PC-103,3,1,27,3,14,5,22.22,165.38
employee_004,2025-02-15,Person 3,PC-103,3,0,31,2,17,5,23.43,177.37
employee_004,2025-02-16,Person 3,PC-103,3,0,31,4,15,5,26.42,177.89
employee_004,2025-02-17,Person 3,PC-103,4,0,26,3,19,5,26.98,293.0
employee_004,2025-02-18,Person 3,PC-103,3,0,33,3,10,5,32.95,226.38
employee_004,2025-02-19,Person 3,PC-103,3,1,32,3,15,4,25.24,220.03
employee_005,2025-01-06,Person 4,PC-104,3,1,26,2,40,5,10.32,317.19
employee_005,2025-01-07,Person 4,PC-104,2,0,31,2,24,2,9.29,282.39
employee_005,2025-01-08,Person 4,PC-104,1,0,29,3,34,3,11.95,320.99
employee_005,2025-01-09,Person 4,PC-104,3,0,34,1,30,1,10.75,276.18
employee_005,2025-01-10,Person 4,PC-104,3,0,23,2,26,4,7.93,305.25
employee_005,2025-01-11,Person 4,PC-104,2,0,25,2,31,3,8.34,311.4
employee_005,2025-01-12,Person 4,PC-104,2,0,32,2,31,3,8.65,278.34
employee_005,2025-01-13,Person 4,PC-104,2,0,25,2,38,2,9.28,284.16
employee_005,2025-01-14,Person 4,PC-104,2,0,20,2,26,2,11.14,301.1
employee_005,2025-01-15,Person 4,PC-104,3,0,32,2,33,2,9.98,318.95
employee_005,2025-01-16,Person 4,PC-104,3,1,29,1,32,2,10.0,197.45
employee_005,2025-01-17,Person 4,PC-104,2,0,31,2,36,2,12.31,288.25
employee_005,2025-01-18,Person 4,PC-104,2,0,35,2,28,3,10.44,246.67
employee_005,2025-01-19,Person 4,PC-104,2,0,30,1,32,3,11.79,285.67
employee_005,2025-01-20,Person 4,PC-104,3,0,26,2,33,3,12.27,443.0
employee_005,2025-01-21,Person 4,PC-104,2,1,34,2,29,3,11.24,277.13
employee_005,2025-01-22,Person 4,PC-104,2,1,33,5,34,2,14.15,275.96
employee_005,2025-01-23,Person 4,PC-104,2,0,34,2,34,5,11.25,327.68
employee_005,2025-01-24,Person 4,PC-104,2,1,27,2,32,2,8.19,290.56
employee_005,2025-01-25,Person 4,PC-104,3,0,27,3,27,2,7.8,306.96
employee_005,2025-01-26,Person 4,PC-104,2,0,31,2,30,3,11.51,252.6
employee_005,2025-01-27,Person 4,PC-104,2,0,32,2,37,2,11.25,338.16
employee_005,2025-01-28,Person 4,PC-104,3,1,31,1,29,3,10.76,280.67
employee_005,2025-01-29,Person 4,PC-104,3,0,20,2,32,2,8.98,276.9
employee_005,2025-01-30,Person 4,PC-104,2,1,27,2,30,2,10.36,278.87
employee_005,2025-01-31,Person 4,PC-104,2,0,24,2,27,3,25.42,321.41
employee_005,2025-02-01,Person 4,PC-104,2,0,30,2,41,3,10.48,298.77
employee_005,2025-02-02,Person 4,PC-104,2,1,28,2,30,2,13.47,298.5
employee_005,2025-02-03,Person 4,PC-104,3,1,24,2,32,3,9.03,277.04
employee_005,2025-02-04,Person 4,PC-104,2,0,22,1,25,3,10.53,222.89
employee_005,2025-02-05,Person 4,PC-104,3,1,27,2,33,2,12.48,253.36
employee_005,2025-02-06,Person 4,PC-104,2,0,30,2,38,2,12.56,208.66
employee_005,2025-02-07,Person 4,PC-104,2,0,26,3,28,2,10.37,281.4
employee_005,2025-02-08,Person 4,PC-104,2,0,57,2,33,3,9.57,346.4
employee_005,2025-02-09,Person 4,PC-104,2,1,27,1,34,2,9.59,299.06
employee_005,2025-02-10,Person 4,PC-104,2,0,29,2,29,2,10.82,284.82
employee_005,2025-02-11,Person 4,PC-104,2,1,26,2,30,3,9.3,251.53
employee_005,2025-02-12,Person 4,PC-104,2,1,29,1,33,3,11.91,251.22
employee_005,2025-02-13,Person 4,PC-104,3,1,23,2,32,3,7.31,290.39
employee_005,2025-02-14,Person 4,PC-104,2,1,28,2,27,2,10.64,280.22
employee_005,2025-02-15,Person 4,PC-104,2,1,30,2,32,3,10.58,275.75
employee_005,2025-02-16,Person 4,PC-104,3,0,26,2,31,3,14.91,266.28
employee_005,2025-02-17,Person 4,PC-104,2,1,22,2,25,2,8.26,289.02
employee_005,2025-02-18,Person 4,PC-104,2,1,26,2,29,2,11.68,239.09
employee_005,2025-02-19,Person 4,PC-104,3,0,23,2,29,2,11.99,302.49
employee_006,2025-01-06,Person 5,PC-105,4,0,71,0,20,2,33.08,157.1
employee_006,2025-01-07,Person 5,PC-105,6,1,55,0,16,2,36.9,182.88
employee_006,2025-01-08,Person 5,PC-105,4,0,61,0,18,1,28.16,174.69
employee_006,2025-01-09,Person 5,PC-105,6,0,63,0,14,2,32.74,201.47
employee_006,2025-01-10,Person 5,PC-105,6,0,64,0,19,2,26.26,175.24
employee_006,2025-01-11,Person 5,PC-105,5,0,49,0,16,2,30.43,147.65
employee_006,2025-01-12,Person 5,PC-105,5,0,54,0,14,2,33.92,214.1
employee_006,2025-01-13,Person 5,PC-105,5,0,60,0,19,0,27.62,187.1
employee_006,2025-01-14,Person 5,PC-105,4,0,52,0,13,1,29.14,218.71
employee_006,2025-01-15,Person 5,PC-105,5,1,67,0,17,2,29.7,219.71
employee_006,2025-01-16,Person 5,PC-105,5,0,44,0,14,1,30.72,176.96
employee_006,2025-01-17,Person 5,PC-105,5,0,58,0,16,2,56.18,190.4
employee_006,2025-01-18,Person 5,PC-105,4,0,50,0,16,2,26.03,203.2
employee_006,2025-01-19,Person 5,PC-105,5,0,61,0,20,2,26.73,187.09
employee_006,2025-01-20,Person 5,PC-105,6,0,70,0,15,1,30.76,167.01
employee_006,2025-01-21,Person 5,PC-105,4,0,59,0,22,2,26.12,217.23
employee_006,2025-01-22,Person 5,PC-105,5,0,50,0,15,1,25.41,225.3
employee_006,2025-01-23,Person 5,PC-105,5,0,47,0,13,2,25.43,144.74
employee_006,2025-01-24,Person 5,PC-105,7,0,51,0,17,2,32.97,188.44
employee_006,2025-01-25,Person 5,PC-105,6,0,49,0,17,1,25.88,202.71
employee_006,2025-01-26,Person 5,PC-105,6,0,61,0,17,2,26.67,165.78
employee_006,2025-01-27,Person 5,PC-105,6,0,61,0,19,2,28.43,219.3
employee_006,2025-01-28,Person 5,PC-105,6,0,53,0,18,1,27.97,183.59
employee_006,2025-01-29,Person 5,PC-105,5,0,60,0,18,1,26.17,199.35
employee_006,2025-01-30,Person 5,PC-105,5,0,59,0,17,2,26.35,176.32
employee_006,2025-01-31,Person 5,PC-105,5,0,63,0,19,2,28.99,146.6
employee_006,2025-02-01,Person 5,PC-105,7,0,59,0,19,1,25.35,179.66
employee_006,2025-02-02,Person 5,PC-105,6,0,61,0,18,2,30.39,230.87
employee_006,2025-02-03,Person 5,PC-105,4,0,55,0,16,2,29.05,199.25
employee_006,2025-02-04,Person 5,PC-105,6,0,61,0,19,1,27.21,204.27
employee_006,2025-02-05,Person 5,PC-105,6,0,63,0,17,2,31.94,204.9
employee_006,2025-02-06,Person 5,PC-105,6,0,59,0,12,1,27.88,192.59
employee_006,2025-02-07,Person 5,PC-105,5,0,40,0,15,2,24.64,200.1
employee_006,2025-02-08,Person 5,PC-105,6,0,69,0,14,1,28.14,172.17
employee_006,2025-02-09,Person 5,PC-105,4,0,49,0,18,1,31.31,217.27
employee_006,2025-02-10,Person 5,PC-105,4,0,61,0,16,2,26.46,184.86
employee_006,2025-02-11,Person 5,PC-105,5,0,50,0,12,2,30.83,175.75
employee_006,2025-02-12,Person 5,PC-105,4,0,63,0,17,2,23.26,194.98
employee_006,2025-02-13,Person 5,PC-105,5,0,52,0,18,2,30.82,193.47
employee_006,2025-02-14,Person 5,PC-105,6,0,44,0,14,1,30.18,203.8
employee_006,2025-02-15,Person 5,PC-105,5,0,61,0,17,2,43.16,202.23
employee_006,2025-02-16,Person 5,PC-105,6,0,56,0,14,1,30.25,189.33
employee_006,2025-02-17,Person 5,PC-105,6,0,61,0,16,2,28.93,170.29
employee_006,2025-02-18,Person 5,PC-105,4,0,58,0,14,1,32.34,191.86
employee_006,2025-02-19,Person 5,PC-105,5,0,65,0,17,2,24.59,170.15
employee_007,2025-01-06,Person 6,PC-106,2,0,66,0,18,4,9.88,216.27
employee_007,2025-01-07,Person 6,PC-106,3,0,49,0,12,4,14.09,163.73
employee_007,2025-01-08,Person 6,PC-106,2,0,59,0,16,3,14.74,168.86
employee_007,2025-01-09,Person 6,PC-106,2,0,56,0,15,5,14.15,136.13
employee_007,2025-01-10,Person 6,PC-106,2,0,62,0,16,3,12.22,114.22
employee_007,2025-01-11,Person 6,PC-106,2,0,50,1,18,4,13.44,154.57
employee_007,2025-01-12,Person 6,PC-106,2,0,49,0,30,4,9.07,136.31
employee_007,2025-01-13,Person 6,PC-106,2,0,41,1,20,3,13.34,140.1
employee_007,2025-01-14,Person 6,PC-106,2,0,73,1,15,4,16.05,157.4
employee_007,2025-01-15,Person 6,PC-106,3,0,64,0,17,4,11.75,145.12
employee_007,2025-01-16,Person 6,PC-106,2,0,60,0,18,4,11.44,124.66
employee_007,2025-01-17,Person 6,PC-106,2,0,56,1,13,4,12.46,155.41
employee_007,2025-01-18,Person 6,PC-106,1,0,60,1,16,3,13.22,189.89
employee_007,2025-01-19,Person 6,PC-106,2,0,55,0,14,4,11.3,170.91
employee_007,2025-01-20,Person 6,PC-106,2,0,62,0,18,3,11.32,171.6
employee_007,2025-01-21,Person 6,PC-106,3,0,55,0,14,3,11.91,133.38
employee_007,2025-01-22,Person 6,PC-106,2,0,54,0,20,3,10.23,146.85
employee_007,2025-01-23,Person 6,PC-106,2,0,57,1,17,4,10.82,131.36
employee_007,2025-01-24,Person 6,PC-106,3,0,54,0,18,4,12.77,154.24
employee_007,2025-01-25,Person 6,PC-106,3,0,71,0,19,4,34.49,147.78
employee_007,2025-01-26,Person 6,PC-106,2,0,52,0,14,4,10.29,115.91
employee_007,2025-01-27,Person 6,PC-106,2,0,49,0,15,3,12.93,133.72
employee_007,2025-01-28,Person 6,PC-106,2,0,49,0,15,3,13.04,175.11
employee_007,2025-01-29,Person 6,PC-106,2,0,51,0,17,4,14.2,149.84
employee_007,2025-01-30,Person 6,PC-106,3,0,93,1,19,3,11.35,173.2
employee_007,2025-01-31,Person 6,PC-106,3,0,67,0,15,4,8.83,174.3
employee_007,2025-02-01,Person 6,PC-106,2,0,68,0,18,4,11.33,157.02
employee_007,2025-02-02,Person 6,PC-106,2,0,55,0,15,3,11.72,181.04
employee_007,2025-02-03,Person 6,PC-106,2,0,57,1,16,3,13.15,141.37
employee_007,2025-02-04,Person 6,PC-106,1,0,59,0,18,4,13.53,199.23
employee_007,2025-02-05,Person 6,PC-106,2,0,58,0,20,4,13.01,182.47
employee_007,2025-02-06,Person 6,PC-106,2,0,64,0,16,3,11.84,176.55
employee_007,2025-02-07,Person 6,PC-106,2,0,64,0,18,3,11.86,172.27
employee_007,2025-02-08,Person 6,PC-106,2,0,60,0,18,4,13.03,171.72
employee_007,2025-02-09,Person 6,PC-106,2,0,55,0,20,7,12.28,139.83
employee_007,2025-02-10,Person 6,PC-106,2,0,65,0,14,2,11.16,171.41
employee_007,2025-02-11,Person 6,PC-106,3,0,69,0,14,4,11.91,170.83
employee_007,2025-02-12,Person 6,PC-106,2,0,58,0,19,4,13.19,171.78
employee_007,2025-02-13,Person 6,PC-106,2,0,52,0,15,5,9.56,174.62
employee_007,2025-02-14,Person 6,PC-106,3,0,54,0,18,4,9.55,140.15
employee_007,2025-02-15,Person 6,PC-106,2,0,60,0,21,3,11.94,184.34
employee_007,2025-02-16,Person 6,PC-106,3,0,63,0,18,5,11.88,172.41
employee_007,2025-02-17,Person 6,PC-106,2,0,55,0,18,3,24.59,121.1
employee_007,2025-02-18,Person 6,PC-106,2,0,99,0,20,3,11.75,185.38
employee_007,2025-02-19,Person 6,PC-106,2,0,55,0,16,5,11.19,129.1
employee_008,2025-01-06,Person 7,PC-107,4,0,37,0,31,2,5.7,349.84
employee_008,2025-01-07,Person 7,PC-107,2,0,40,0,37,1,4.79,325.03
employee_008,2025-01-08,Person 7,PC-107,2,0,40,0,29,2,5.01,330.98
employee_008,2025-01-09,Person 7,PC-107,3,0,45,0,35,2,5.15,382.72
employee_008,2025-01-10,Person 7,PC-107,4,0,51,0,33,1,6.54,363.2
employee_008,2025-01-11,Person 7,PC-107,3,0,43,0,36,2,6.05,305.13
employee_008,2025-01-12,Person 7,PC-107,3,0,48,0,41,2,6.38,298.02
employee_008,2025-01-13,Person 7,PC-107,4,0,46,0,34,3,6.34,311.13
employee_008,2025-01-14,Person 7,PC-107,3,0,36,0,38,1,8.42,234.72
employee_008,2025-01-15,Person 7,PC-107,3,0,48,0,33,2,5.63,373.63
employee_008,2025-01-16,Person 7,PC-107,3,0,46,0,40,2,4.65,332.06
employee_008,2025-01-17,Person 7,PC-107,7,0,47,0,30,2,6.73,354.85
employee_008,2025-01-18,Person 7,PC-107,3,0,47,0,33,2,5.17,257.1
employee_008,2025-01-19,Person 7,PC-107,3,0,48,0,41,1,4.57,283.53
employee_008,2025-01-20,Person 7,PC-107,2,0,45,0,34,2,5.75,298.11
employee_008,2025-01-21,Person 7,PC-107,3,0,51,0,37,1,6.67,273.92
employee_008,2025-01-22,Person 7,PC-107,3,0,35,0,44,1,5.83,290.44
employee_008,2025-01-23,Person 7,PC-107,3,0,42,0,39,2,4.64,313.94
employee_008,2025-01-24,Person 7,PC-107,4,0,46,0,42,1,6.4,273.8
employee_008,2025-01-25,Person 7,PC-107,4,0,48,0,38,2,4.85,294.65
employee_008,2025-01-26,Person 7,PC-107,3,0,52,0,37,1,4.33,271.34
employee_008,2025-01-27,Person 7,PC-107,4,0,36,0,36,2,5.47,300.06
employee_008,2025-01-28,Person 7,PC-107,7,0,32,0,38,2,5.23,296.07
employee_008,2025-01-29,Person 7,PC-107,4,0,51,0,31,2,5.83,279.09
employee_008,2025-01-30,Person 7,PC-107,2,0,55,0,60,2,3.33,313.84
employee_008,2025-01-31,Person 7,PC-107,3,0,47,0,78,2,5.21,327.98
employee_008,2025-02-01,Person 7,PC-107,3,0,51,0,36,2,5.17,330.0
employee_008,2025-02-02,Person 7,PC-107,4,0,55,0,37,1,6.04,259.06
employee_008,2025-02-03,Person 7,PC-107,2,0,53,0,31,2,6.49,299.29
employee_008,2025-02-04,Person 7,PC-107,3,0,38,0,34,2,5.35,301.13
employee_008,2025-02-05,Person 7,PC-107,4,0,51,0,31,2,4.34,320.72
employee_008,2025-02-06,Person 7,PC-107,3,0,39,0,37,2,4.3,287.98
employee_008,2025-02-07,Person 7,PC-107,3,0,50,0,39,2,7.71,291.29
employee_008,2025-02-08,Person 7,PC-107,3,0,47,0,40,2,4.59,301.31
employee_008,2025-02-09,Person 7,PC-107,3,0,46,0,36,2,4.76,272.11
employee_008,2025-02-10,Person 7,PC-107,3,0,46,0,37,2,4.31,281.94
employee_008,2025-02-11,Person 7,PC-107,4,0,40,0,36,2,7.5,268.67
employee_008,2025-02-12,Person 7,PC-107,3,0,49,0,36,1,5.29,323.54
employee_008,2025-02-13,Person 7,PC-107,2,0,55,0,34,2,5.95,240.19
employee_008,2025-02-14,Person 7,PC-107,3,0,46,0,37,1,5.28,312.48
employee_008,2025-02-15,Person 7,PC-107,4,0,53,0,34,1,4.53,299.07
employee_008,2025-02-16,Person 7,PC-107,3,0,36,0,27,2,7.04,334.06
employee_008,2025-02-17,Person 7,PC-107,3,0,38,1,35,2,5.26,249.11
employee_008,2025-02-18,Person 7,PC-107,3,0,48,0,26,2,6.62,250.77
employee_008,2025-02-19,Person 7,PC-107,3,0,75,0,37,3,6.43,290.88
employee_009,2025-01-06,Person 8,PC-108,5,1,50,2,29,4,7.4,230.47
employee_009,2025-01-07,Person 8,PC-108,5,0,37,2,40,6,6.37,195.06
employee_009,2025-01-08,Person 8,PC-108,4,1,46,2,42,2,8.93,212.62
employee_009,2025-01-09,Person 8,PC-108,5,0,54,2,52,4,9.23,234.61
employee_009,2025-01-10,Person 8,PC-108,5,0,54,2,47,4,6.06,213.89
employee_009,2025-01-11,Person 8,PC-108,5,0,52,2,31,3,7.77,213.1
employee_009,2025-01-12,Person 8,PC-108,12,0,53,1,40,5,9.11,211.63
employee_009,2025-01-13,Person 8,PC-108,4,0,41,3,35,3,7.27,205.35
employee_009,2025-01-14,Person 8,PC-108,5,0,57,2,44,2,7.42,171.21
employee_009,2025-01-15,Person 8,PC-108,5,0,44,2,78,5,9.75,188.54
employee_009,2025-01-16,Person 8,PC-108,10,0,39,2,38,5,6.66,179.62
employee_009,2025-01-17,Person 8,PC-108,5,0,48,2,36,5,7.15,175.23
employee_009,2025-01-18,Person 8,PC-108,5,1,50,2,38,5,9.22,207.8
employee_009,2025-01-19,Person 8,PC-108,5,0,56,3,31,4,6.82,188.39
employee_009,2025-01-20,Person 8,PC-108,5,0,50,2,28,5,6.56,234.95
employee_009,2025-01-21,Person 8,PC-108,3,0,43,2,37,5,7.55,188.91
employee_009,2025-01-22,Person 8,PC-108,7,1,37,2,38,5,8.04,241.63
employee_009,2025-01-23,Person 8,PC-108,6,0,51,2,36,4,7.36,210.4
employee_009,2025-01-24,Person 8,PC-108,4,0,54,2,39,5,7.17,192.04
employee_009,2025-01-25,Person 8,PC-108,3,0,42,3,46,4,6.72,184.53
employee_009,2025-01-26,Person 8,PC-108,4,1,47,2,38,4,7.7,197.78
employee_009,2025-01-27,Person 8,PC-108,5,0,48,2,40,2,5.89,181.21
employee_009,2025-01-28,Person 8,PC-108,4,0,39,2,49,4,7.85,188.71
employee_009,2025-01-29,Person 8,PC-108,3,0,42,2,39,4,6.52,195.52
employee_009,2025-01-30,Person 8,PC-108,5,0,43,2,37,3,6.72,171.23
employee_009,2025-01-31,Person 8,PC-108,5,0,49,2,47,7,9.26,191.8
employee_009,2025-02-01,Person 8,PC-108,5,0,45,2,38,4,7.04,219.71
employee_009,2025-02-02,Person 8,PC-108,6,0,44,2,36,6,6.92,198.33
employee_009,2025-02-03,Person 8,PC-108,5,1,51,1,44,4,7.27,187.6
employee_009,2025-02-04,Person 8,PC-108,6,0,48,3,48,5,11.35,223.38
employee_009,2025-02-05,Person 8,PC-108,4,0,42,2,35,5,7.82,164.99
employee_009,2025-02-06,Person 8,PC-108,5,1,54,2,47,4,7.49,228.57
employee_009,2025-02-07,Person 8,PC-108,4,0,44,3,34,3,9.35,174.5
employee_009,2025-02-08,Person 8,PC-108,5,0,44,2,34,4,8.34,237.0
employee_009,2025-02-09,Person 8,PC-108,4,0,66,2,42,4,7.31,251.07
employee_009,2025-02-10,Person 8,PC-108,4,0,43,3,33,4,7.74,198.52
employee_009,2025-02-11,Person 8,PC-108,4,0,40,2,41,5,7.12,227.77
employee_009,2025-02-12,Person 8,PC-108,6,0,52,2,36,5,7.33,244.96
employee_009,2025-02-13,Person 8,PC-108,4,0,45,2,38,5,7.72,190.21
employee_009,2025-02-14,Person 8,PC-108,5,0,49,2,45,4,8.51,222.43
employee_009,2025-02-15,Person 8,PC-108,6,0,46,2,38,3,7.58,218.65
employee_009,2025-02-16,Person 8,PC-108,5,1,45,3,42,4,6.8,213.36
employee_009,2025-02-17,Person 8,PC-108,4,0,40,6,29,3,7.56,190.89
employee_009,2025-02-18,Person 8,PC-108,5,0,47,2,37,5,5.69,240.61
employee_009,2025-02-19,Person 8,PC-108,5,0,50,2,37,4,7.52,189.27
employee_010,2025-01-06,Person 9,PC-109,5,0,53,1,22,3,14.94,285.2
employee_010,2025-01-07,Person 9,PC-109,5,0,54,1,38,3,12.31,255.76
employee_010,2025-01-08,Person 9,PC-109,5,0,59,1,30,3,15.27,216.17
employee_010,2025-01-09,Person 9,PC-109,4,0,62,1,22,4,10.65,274.86
employee_010,2025-01-10,Person 9,PC-109,3,0,42,0,29,4,13.74,272.61
employee_010,2025-01-11,Person 9,PC-109,4,0,58,1,34,4,12.54,285.52
employee_010,2025-01-12,Person 9,PC-109,4,0,50,1,24,3,10.63,255.41
employee_010,2025-01-13,Person 9,PC-109,5,0,59,1,27,3,18.73,316.25
employee_010,2025-01-14,Person 9,PC-109,4,1,62,1,32,3,12.11,263.56
employee_010,2025-01-15,Person 9,PC-109,4,0,61,1,27,3,16.95,259.5
employee_010,2025-01-16,Person 9,PC-109,5,0,51,0,28,4,13.19,427.84
employee_010,2025-01-17,Person 9,PC-109,4,0,53,1,30,2,11.98,263.79
employee_010,2025-01-18,Person 9,PC-109,5,0,49,1,28,3,14.01,205.64
employee_010,2025-01-19,Person 9,PC-109,5,0,55,1,25,3,12.45,227.24
employee_010,2025-01-20,Person 9,PC-109,6,0,60,1,35,3,11.63,317.88
employee_010,2025-01-21,Person 9,PC-109,4,0,53,1,30,3,12.86,243.91
employee_010,2025-01-22,Person 9,PC-109,5,0,65,1,26,4,13.44,217.53
employee_010,2025-01-23,Person 9,PC-109,5,0,50,1,35,4,11.84,226.81
employee_010,2025-01-24,Person 9,PC-109,5,0,75,1,34,4,15.0,271.78
employee_010,2025-01-25,Person 9,PC-109,4,0,57,1,29,4,11.41,248.48
employee_010,2025-01-26,Person 9,PC-109,5,0,66,1,28,3,14.61,247.85
employee_010,2025-01-27,Person 9,PC-109,4,0,57,1,33,4,10.16,521.71
employee_010,2025-01-28,Person 9,PC-109,5,0,56,1,32,4,12.53,235.55
employee_010,2025-01-29,Person 9,PC-109,5,0,54,0,25,3,11.32,273.92
employee_010,2025-01-30,Person 9,PC-109,6,0,61,1,27,4,11.63,286.92
employee_010,2025-01-31,Person 9,PC-109,7,1,55,1,34,4,13.42,259.65
employee_010,2025-02-01,Person 9,PC-109,5,0,63,1,34,3,12.59,254.09
employee_010,2025-02-02,Person 9,PC-109,6,0,49,1,23,4,12.78,249.83
employee_010,2025-02-03,Person 9,PC-109,4,0,52,1,26,8,8.06,259.4
employee_010,2025-02-04,Person 9,PC-109,5,1,58,1,31,4,12.87,326.3
employee_010,2025-02-05,Person 9,PC-109,4,0,52,1,28,4,13.09,228.44
employee_010,2025-02-06,Person 9,PC-109,4,0,68,1,29,3,11.83,237.73
employee_010,2025-02-07,Person 9,PC-109,4,0,61,0,29,3,14.72,300.71
employee_010,2025-02-08,Person 9,PC-109,4,0,57,1,25,4,13.63,213.86
employee_010,2025-02-09,Person 9,PC-109,5,1,58,1,26,3,10.13,288.78
employee_010,2025-02-10,Person 9,PC-109,3,0,57,1,31,4,13.54,291.8
employee_010,2025-02-11,Person 9,PC-109,6,1,65,1,29,5,11.02,211.66
employee_010,2025-02-12,Person 9,PC-109,5,0,61,1,28,4,13.38,290.04
employee_010,2025-02-13,Person 9,PC-109,5,0,55,1,35,3,9.66,294.63
employee_010,2025-02-14,Person 9,PC-109,4,0,60,1,27,2,11.77,228.23
employee_010,2025-02-15,Person 9,PC-109,6,0,59,1,29,3,14.2,255.35
employee_010,2025-02-16,Person 9,PC-109,4,0,64,1,31,4,12.22,222.0
employee_010,2025-02-17,Person 9,PC-109,5,0,62,0,25,5,12.67,264.98
employee_010,2025-02-18,Person 9,PC-109,4,0,53,1,30,4,7.71,301.65
employee_010,2025-02-19,Person 9,PC-109,4,0,67,1,28,4,11.57,225.06
employee_011,2025-01-06,Person 10,PC-110,5,0,31,1,40,3,10.65,238.38
employee_011,2025-01-07,Person 10,PC-110,10,0,29,1,27,3,9.99,254.67
employee_011,2025-01-08,Person 10,PC-110,5,0,31,1,35,3,8.66,277.77
employee_011,2025-01-09,Person 10,PC-110,4,0,26,1,38,4,7.16,267.17
employee_011,2025-01-10,Person 10,PC-110,4,0,25,1,35,3,10.39,263.0
employee_011,2025-01-11,Person 10,PC-110,5,0,28,1,37,3,10.44,224.85
employee_011,2025-01-12,Person 10,PC-110,6,0,31,2,34,3,9.99,327.38
employee_011,2025-01-13,Person 10,PC-110,5,0,31,1,40,4,10.43,318.73
employee_011,2025-01-14,Person 10,PC-110,6,0,34,1,37,4,11.8,228.87
employee_011,2025-01-15,Person 10,PC-110,5,0,33,1,37,3,8.25,282.61
employee_011,2025-01-16,Person 10,PC-110,4,0,28,1,33,3,9.49,282.4
employee_011,2025-01-17,Person 10,PC-110,4,0,29,1,35,4,9.83,239.56
employee_011,2025-01-18,Person 10,PC-110,5,0,30,1,32,2,10.5,341.18
employee_011,2025-01-19,Person 10,PC-110,5,0,31,1,45,3,11.36,263.67
employee_011,2025-01-20,Person 10,PC-110,5,0,28,1,40,4,10.66,255.93
employee_011,2025-01-21,Person 10,PC-110,4,0,35,1,36,4,9.59,239.95
employee_011,2025-01-22,Person 10,PC-110,5,0,34,1,38,4,9.77,243.49
employee_011,2025-01-23,Person 10,PC-110,6,0,35,1,69,3,8.49,266.59
employee_011,2025-01-24,Person 10,PC-110,5,0,33,1,31,3,9.81,292.78
employee_011,2025-01-25,Person 10,PC-110,5,0,37,1,39,3,9.26,276.77
employee_011,2025-01-26,Person 10,PC-110,5,1,27,1,38,4,11.71,238.94
employee_011,2025-01-27,Person 10,PC-110,6,0,32,1,44,2,11.11,259.44
employee_011,2025-01-28,Person 10,PC-110,5,0,28,1,34,3,11.74,243.06
employee_011,2025-01-29,Person 10,PC-110,6,0,30,1,38,4,9.69,257.76
employee_011,2025-01-30,Person 10,PC-110,6,0,29,1,37,3,8.98,226.6
employee_011,2025-01-31,Person 10,PC-110,4,0,38,1,31,3,9.58,316.09
employee_011,2025-02-01,Person 10,PC-110,4,0,35,1,29,3,8.77,316.62
employee_011,2025-02-02,Person 10,PC-110,4,0,70,1,30,3,8.77,327.82
employee_011,2025-02-03,Person 10,PC-110,5,0,27,1,34,2,10.81,243.9
employee_011,2025-02-04,Person 10,PC-110,5,0,32,1,43,4,8.62,298.56
employee_011,2025-02-05,Person 10,PC-110,6,0,34,1,39,5,6.52,236.68
employee_011,2025-02-06,Person 10,PC-110,5,0,30,1,37,3,11.36,284.84
employee_011,2025-02-07,Person 10,PC-110,4,0,23,0,38,3,11.61,266.14
employee_011,2025-02-08,Person 10,PC-110,4,1,31,1,31,4,12.16,317.66
employee_011,2025-02-09,Person 10,PC-110,5,0,35,1,44,2,10.9,190.06
employee_011,2025-02-10,Person 10,PC-110,6,0,35,1,39,3,10.32,301.17
employee_011,2025-02-11,Person 10,PC-110,4,0,35,0,43,2,9.82,313.94
employee_011,2025-02-12,Person 10,PC-110,6,0,29,1,42,3,9.46,284.08
employee_011,2025-02-13,Person 10,PC-110,5,0,31,1,33,4,11.37,267.87
employee_011,2025-02-14,Person 10,PC-110,6,0,31,1,37,2,9.09,243.3
employee_011,2025-02-15,Person 10,PC-110,4,0,36,1,43,4,9.25,311.94
employee_011,2025-02-16,Person 10,PC-110,6,0,35,1,41,3,8.08,325.82
employee_011,2025-02-17,Person 10,PC-110,6,0,34,1,43,4,10.25,278.48
employee_011,2025-02-18,Person 10,PC-110,5,0,34,1,44,2,9.12,270.04
employee_011,2025-02-19,Person 10,PC-110,4,0,31,1,37,2,7.13,226.19
employee_012,2025-01-06,Person 11,PC-111,4,0,37,3,14,5,13.11,272.25
employee_012,2025-01-07,Person 11,PC-111,2,1,29,4,14,5,21.9,293.71
employee_012,2025-01-08,Person 11,PC-111,4,1,29,3,11,5,17.45,280.06
employee_012,2025-01-09,Person 11,PC-111,4,0,29,3,15,10,15.94,235.54
employee_012,2025-01-10,Person 11,PC-111,3,0,29,3,18,5,18.32,270.6
employee_012,2025-01-11,Person 11,PC-111,3,0,38,4,17,5,16.18,277.4
employee_012,2025-01-12,Person 11,PC-111,3,0,30,3,14,5,19.67,272.37
employee_012,2025-01-13,Person 11,PC-111,3,0,28,3,15,6,19.93,233.9
employee_012,2025-01-14,Person 11,PC-111,3,0,26,3,16,4,19.75,255.25
employee_012,2025-01-15,Person 11,PC-111,3,0,30,4,13,5,19.32,333.57
employee_012,2025-01-16,Person 11,PC-111,3,0,31,3,25,5,20.2,251.6
employee_012,2025-01-17,Person 11,PC-111,2,1,30,3,17,6,19.23,238.73
employee_012,2025-01-18,Person 11,PC-111,1,1,29,3,20,6,18.13,269.87
employee_012,2025-01-19,Person 11,PC-111,4,0,27,3,16,5,20.68,279.23
employee_012,2025-01-20,Person 11,PC-111,3,0,31,3,15,4,16.47,254.02
employee_012,2025-01-21,Person 11,PC-111,3,1,35,3,20,4,16.84,279.48
employee_012,2025-01-22,Person 11,PC-111,2,0,33,3,12,6,22.08,212.77
employee_012,2025-01-23,Person 11,PC-111,3,0,32,3,13,5,16.09,321.33
employee_012,2025-01-24,Person 11,PC-111,3,0,30,3,14,7,18.19,276.96
employee_012,2025-01-25,Person 11,PC-111,3,0,29,3,15,5,19.96,280.46
employee_012,2025-01-26,Person 11,PC-111,3,0,33,3,19,5,17.9,251.84
employee_012,2025-01-27,Person 11,PC-111,2,0,29,7,16,4,16.53,323.34
employee_012,2025-01-28,Person 11,PC-111,3,1,26,3,18,7,16.3,240.03
employee_012,2025-01-29,Person 11,PC-111,3,0,27,4,15,5,19.48,271.47
employee_012,2025-01-30,Person 11,PC-111,3,0,31,2,16,5,19.43,294.68
employee_012,2025-01-31,Person 11,PC-111,2,1,26,3,19,6,15.58,261.46
employee_012,2025-02-01,Person 11,PC-111,2,1,29,3,15,5,18.31,278.19
employee_012,2025-02-02,Person 11,PC-111,3,0,34,3,12,4,14.51,261.61
employee_012,2025-02-03,Person 11,PC-111,3,0,32,3,17,5,19.23,252.78
employee_012,2025-02-04,Person 11,PC-111,3,0,29,3,18,5,17.27,247.1
employee_012,2025-02-05,Person 11,PC-111,1,1,32,3,15,3,17.17,286.52
employee_012,2025-02-06,Person 11,PC-111,3,0,28,4,14,5,15.92,326.44
employee_012,2025-02-07,Person 11,PC-111,2,0,32,2,34,5,14.95,225.5
employee_012,2025-02-08,Person 11,PC-111,3,0,22,4,15,5,13.81,270.3
employee_012,2025-02-09,Person 11,PC-111,3,1,26,5,17,6,21.86,263.38
employee_012,2025-02-10,Person 11,PC-111,3,0,23,3,16,5,16.57,286.76
employee_012,2025-02-11,Person 11,PC-111,3,0,30,3,16,4,16.75,252.02
employee_012,2025-02-12,Person 11,PC-111,3,0,29,3,15,4,21.52,263.99
employee_012,2025-02-13,Person 11,PC-111,3,0,28,4,11,5,20.28,223.46
employee_012,2025-02-14,Person 11,PC-111,3,0,28,3,16,5,21.94,285.67
employee_012,2025-02-15,Person 11,PC-111,4,1,26,3,15,5,13.73,285.0
employee_012,2025-02-16,Person 11,PC-111,5,0,27,2,13,5,10.94,267.23
employee_012,2025-02-17,Person 11,PC-111,3,0,34,3,15,4,18.73,298.35
employee_012,2025-02-18,Person 11,PC-111,3,0,34,3,16,5,18.2,281.48
employee_012,2025-02-19,Person 11,PC-111,2,0,29,2,15,6,16.85,187.94
employee_013,2025-01-06,Person 12,PC-112,8,0,28,1,24,4,26.85,136.64
employee_013,2025-01-07,Person 12,PC-112,4,0,27,1,20,4,24.75,169.32
employee_013,2025-01-08,Person 12,PC-112,6,0,29,1,22,2,23.41,296.41
employee_013,2025-01-09,Person 12,PC-112,4,0,29,2,21,3,23.64,148.79
employee_013,2025-01-10,Person 12,PC-112,5,0,24,1,24,3,28.73,137.64
employee_013,2025-01-11,Person 12,PC-112,8,0,31,1,21,2,25.05,116.48
employee_013,2025-01-12,Person 12,PC-112,6,0,33,1,19,2,22.45,134.72
employee_013,2025-01-13,Person 12,PC-112,4,0,35,1,17,3,27.27,128.11
employee_013,2025-01-14,Person 12,PC-112,5,0,30,1,18,3,24.52,126.26
employee_013,2025-01-15,Person 12,PC-112,5,0,30,1,21,4,22.31,116.21
employee_013,2025-01-16,Person 12,PC-112,4,0,31,1,34,3,22.8,139.77
employee_013,2025-01-17,Person 12,PC-112,5,0,23,1,20,2,24.62,145.89
employee_013,2025-01-18,Person 12,PC-112,2,0,31,1,26,4,24.56,154.88
employee_013,2025-01-19,Person 12,PC-112,5,0,31,1,25,3,24.14,111.04
employee_013,2025-01-20,Person 12,PC-112,5,0,37,1,22,3,22.82,121.96
employee_013,2025-01-21,Person 12,PC-112,5,0,37,1,23,3,25.52,139.61
employee_013,2025-01-22,Person 12,PC-112,4,0,36,1,21,3,27.94,124.88
employee_013,2025-01-23,Person 12,PC-112,5,0,25,1,21,3,42.09,119.64
employee_013,2025-01-24,Person 12,PC-112,5,0,53,1,22,3,24.51,117.33
employee_013,2025-01-25,Person 12,PC-112,6,0,31,2,19,4,25.79,112.72
employee_013,2025-01-26,Person 12,PC-112,4,0,25,1,24,4,26.1,135.03
employee_013,2025-01-27,Person 12,PC-112,5,0,29,1,18,3,25.5,136.73
employee_013,2025-01-28,Person 12,PC-112,4,0,33,1,20,4,28.15,121.31
employee_013,2025-01-29,Person 12,PC-112,4,0,33,1,20,3,22.13,148.23
employee_013,2025-01-30,Person 12,PC-112,5,0,40,1,19,3,28.46,153.54
employee_013,2025-01-31,Person 12,PC-112,5,0,34,1,19,3,26.57,136.21
employee_013,2025-02-01,Person 12,PC-112,5,0,31,1,24,2,28.1,134.7
employee_013,2025-02-02,Person 12,PC-112,5,0,30,1,24,3,21.55,146.51
employee_013,2025-02-03,Person 12,PC-112,5,0,33,1,23,3,22.69,150.7
employee_013,2025-02-04,Person 12,PC-112,5,0,26,1,21,3,27.15,146.51
employee_013,2025-02-05,Person 12,PC-112,4,0,38,1,15,3,22.18,140.84
employee_013,2025-02-06,Person 12,PC-112,4,0,32,0,17,4,27.6,138.87
employee_013,2025-02-07,Person 12,PC-112,4,0,29,2,19,3,27.05,134.7
employee_013,2025-02-08,Person 12,PC-112,6,0,35,1,20,3,23.68,108.33
employee_013,2025-02-09,Person 12,PC-112,5,0,24,1,21,3,27.34,136.98
employee_013,2025-02-10,Person 12,PC-112,4,0,59,1,23,3,24.96,145.58
employee_013,2025-02-11,Person 12,PC-112,5,0,28,1,20,4,26.37,227.38
employee_013,2025-02-12,Person 12,PC-112,5,0,28,1,12,4,30.63,143.05
employee_013,2025-02-13,Person 12,PC-112,5,0,23,1,20,3,45.68,136.99
employee_013,2025-02-14,Person 12,PC-112,5,0,32,2,20,3,64.16,155.88
employee_013,2025-02-15,Person 12,PC-112,6,0,38,2,25,2,22.95,140.88
employee_013,2025-02-16,Person 12,PC-112,5,0,33,2,20,3,22.82,272.18
employee_013,2025-02-17,Person 12,PC-112,4,0,36,0,17,4,23.19,132.27
employee_013,2025-02-18,Person 12,PC-112,5,0,35,1,24,3,26.77,159.07
employee_013,2025-02-19,Person 12,PC-112,3,0,33,1,26,3,23.65,117.79
employee_014,2025-01-06,Person 13,PC-113,3,0,26,1,29,2,9.92,268.33
employee_014,2025-01-07,Person 13,PC-113,5,0,30,1,22,2,9.34,323.21
employee_014,2025-01-08,Person 13,PC-113,5,0,29,1,29,2,9.35,358.13
employee_014,2025-01-09,Person 13,PC-113,5,0,28,1,21,2,7.43,260.28
employee_014,2025-01-10,Person 13,PC-113,4,0,29,1,25,3,8.79,308.12
employee_014,2025-01-11,Person 13,PC-113,6,0,35,1,31,2,9.23,349.71
employee_014,2025-01-12,Person 13,PC-113,4,0,30,1,28,2,8.22,383.16
employee_014,2025-01-13,Person 13,PC-113,4,0,31,1,20,3,6.63,336.74
employee_014,2025-01-14,Person 13,PC-113,5,0,38,1,21,3,10.0,311.4
employee_014,2025-01-15,Person 13,PC-113,4,0,29,1,22,3,7.83,285.76
employee_014,2025-01-16,Person 13,PC-113,6,0,34,1,24,2,9.19,699.55
employee_014,2025-01-17,Person 13,PC-113,6,0,30,1,29,2,7.33,277.42
employee_014,2025-01-18,Person 13,PC-113,5,0,23,1,31,2,10.13,309.5
employee_014,2025-01-19,Person 13,PC-113,5,0,29,1,24,3,7.28,299.28
employee_014,2025-01-20,Person 13,PC-113,5,0,32,1,32,2,9.44,293.94
employee_014,2025-01-21,Person 13,PC-113,5,0,36,1,22,2,7.85,334.4
employee_014,2025-01-22,Person 13,PC-113,5,0,35,1,29,2,8.66,305.59
employee_014,2025-01-23,Person 13,PC-113,5,0,31,1,23,2,7.67,245.14
employee_014,2025-01-24,Person 13,PC-113,6,0,34,1,26,3,6.91,299.5
employee_014,2025-01-25,Person 13,PC-113,6,0,28,1,26,2,9.58,318.86
employee_014,2025-01-26,Person 13,PC-113,3,0,36,1,23,2,7.13,267.84
employee_014,2025-01-27,Person 13,PC-113,5,0,36,1,29,1,8.34,279.81
employee_014,2025-01-28,Person 13,PC-113,4,0,19,2,23,3,8.07,315.5
employee_014,2025-01-29,Person 13,PC-113,12,1,28,1,26,2,8.89,233.09
employee_014,2025-01-30,Person 13,PC-113,5,0,29,1,32,2,9.5,288.6
employee_014,2025-01-31,Person 13,PC-113,13,1,27,1,29,2,7.26,338.65
employee_014,2025-02-01,Person 13,PC-113,5,0,30,1,23,2,10.32,308.26
employee_014,2025-02-02,Person 13,PC-113,5,0,29,2,26,3,8.19,319.23
employee_014,2025-02-03,Person 13,PC-113,4,0,33,1,24,2,10.42,216.28
employee_014,2025-02-04,Person 13,PC-113,5,0,31,1,30,2,8.5,319.45
employee_014,2025-02-05,Person 13,PC-113,6,1,26,1,29,2,8.47,210.77
employee_014,2025-02-06,Person 13,PC-113,5,0,29,0,30,2,9.11,273.55
employee_014,2025-02-07,Person 13,PC-113,6,0,27,3,29,2,6.68,327.85
employee_014,2025-02-08,Person 13,PC-113,5,0,35,1,29,3,7.88,358.47
employee_014,2025-02-09,Person 13,PC-113,4,0,29,1,34,2,8.43,273.15
employee_014,2025-02-10,Person 13,PC-113,5,0,35,1,24,2,8.54,332.76
employee_014,2025-02-11,Person 13,PC-113,4,1,56,0,29,2,9.34,283.04
employee_014,2025-02-12,Person 13,PC-113,5,0,37,1,30,2,8.22,319.98
employee_014,2025-02-13,Person 13,PC-113,6,0,28,1,24,2,10.03,317.72
employee_014,2025-02-14,Person 13,PC-113,6,0,19,1,30,2,9.9,279.65
employee_014,2025-02-15,Person 13,PC-113,5,0,33,1,32,2,9.2,317.04
employee_014,2025-02-16,Person 13,PC-113,4,0,24,1,26,2,8.14,334.75
employee_014,2025-02-17,Person 13,PC-113,5,0,34,1,21,3,7.49,253.29
employee_014,2025-02-18,Person 13,PC-113,5,0,28,1,27,2,10.01,276.59
employee_014,2025-02-19,Person 13,PC-113,4,1,35,1,27,2,8.32,222.13
employee_015,2025-01-06,Person 14,PC-114,2,1,55,3,26,3,17.77,275.26
employee_015,2025-01-07,Person 14,PC-114,3,0,51,2,31,4,14.08,240.6
employee_015,2025-01-08,Person 14,PC-114,3,1,60,3,38,4,16.22,205.76
employee_015,2025-01-09,Person 14,PC-114,2,0,64,3,27,3,18.22,331.67
employee_015,2025-01-10,Person 14,PC-114,5,0,64,4,66,3,15.72,213.26
employee_015,2025-01-11,Person 14,PC-114,2,0,51,2,31,4,16.44,227.73
employee_015,2025-01-12,Person 14,PC-114,2,0,48,3,44,4,14.22,189.81
employee_015,2025-01-13,Person 14,PC-114,3,0,63,4,34,4,10.98,221.75
employee_015,2025-01-14,Person 14,PC-114,2,0,47,3,28,4,12.22,201.21
employee_015,2025-01-15,Person 14,PC-114,3,0,61,4,32,3,12.09,240.57
employee_015,2025-01-16,Person 14,PC-114,3,1,43,4,35,4,15.06,224.24
employee_015,2025-01-17,Person 14,PC-114,3,1,56,4,31,3,14.33,204.71
employee_015,2025-01-18,Person 14,PC-114,3,0,49,3,32,2,14.28,179.7
employee_015,2025-01-19,Person 14,PC-114,3,1,56,3,32,4,14.56,248.18
employee_015,2025-01-20,Person 14,PC-114,2,0,55,2,65,3,14.68,242.12
employee_015,2025-01-21,Person 14,PC-114,3,0,43,4,37,2,14.32,227.83
employee_015,2025-01-22,Person 14,PC-114,3,1,53,2,39,3,16.03,248.75
employee_015,2025-01-23,Person 14,PC-114,3,1,54,2,28,4,18.74,254.58
employee_015,2025-01-24,Person 14,PC-114,3,1,65,6,38,3,14.25,212.65
employee_015,2025-01-25,Person 14,PC-114,2,0,51,4,26,3,20.06,242.39
employee_015,2025-01-26,Person 14,PC-114,2,0,50,4,41,4,16.84,218.09
employee_015,2025-01-27,Person 14,PC-114,2,0,50,2,33,3,11.17,236.46
employee_015,2025-01-28,Person 14,PC-114,3,1,44,2,34,4,13.77,234.86
employee_015,2025-01-29,Person 14,PC-114,1,0,54,4,36,4,14.4,254.42
employee_015,2025-01-30,Person 14,PC-114,2,0,49,3,35,2,16.11,264.89
employee_015,2025-01-31,Person 14,PC-114,3,1,39,3,34,4,14.37,227.41
employee_015,2025-02-01,Person 14,PC-114,2,1,46,3,45,4,14.31,257.97
employee_015,2025-02-02,Person 14,PC-114,3,0,53,3,42,3,16.02,209.14
employee_015,2025-02-03,Person 14,PC-114,1,0,56,2,34,4,13.04,221.95
employee_015,2025-02-04,Person 14,PC-114,2,0,53,3,29,3,15.54,241.42
employee_015,2025-02-05,Person 14,PC-114,3,1,58,3,34,4,16.6,228.35
employee_015,2025-02-06,Person 14,PC-114,2,1,50,3,36,4,14.67,209.11
employee_015,2025-02-07,Person 14,PC-114,3,0,50,3,28,3,12.59,527.78
employee_015,2025-02-08,Person 14,PC-114,3,0,62,3,60,3,16.58,227.73
employee_015,2025-02-09,Person 14,PC-114,2,0,58,4,35,4,13.19,430.86
employee_015,2025-02-10,Person 14,PC-114,2,1,49,3,36,4,15.01,171.88
employee_015,2025-02-11,Person 14,PC-114,2,1,52,3,37,3,16.52,266.16
employee_015,2025-02-12,Person 14,PC-114,3,0,56,4,37,5,16.93,237.54
employee_015,2025-02-13,Person 14,PC-114,3,0,48,3,34,3,16.87,330.05
employee_015,2025-02-14,Person 14,PC-114,1,1,103,2,34,4,13.39,226.22
employee_015,2025-02-15,Person 14,PC-114,3,0,56,4,35,3,17.45,212.98
employee_015,2025-02-16,Person 14,PC-114,2,0,54,4,43,4,14.3,269.79
employee_015,2025-02-17,Person 14,PC-114,2,0,64,3,29,4,15.39,250.37
employee_015,2025-02-18,Person 14,PC-114,2,1,46,3,30,3,15.49,207.26
employee_015,2025-02-19,Person 14,PC-114,2,1,51,2,40,3,11.5,233.61
employee_016,2025-01-06,Person 15,PC-115,3,0,28,0,36,3,4.54,148.89
employee_016,2025-01-07,Person 15,PC-115,3,0,31,1,32,3,5.27,170.88
employee_016,2025-01-08,Person 15,PC-115,3,1,31,0,35,3,6.73,197.25
employee_016,2025-01-09,Person 15,PC-115,2,0,28,1,30,2,4.92,173.51
employee_016,2025-01-10,Person 15,PC-115,3,0,36,0,36,3,3.97,193.12
employee_016,2025-01-11,Person 15,PC-115,3,0,23,0,36,4,4.96,187.47
employee_016,2025-01-12,Person 15,PC-115,2,0,29,0,29,2,4.48,178.87
employee_016,2025-01-13,Person 15,PC-115,4,0,22,1,34,3,3.71,204.6
employee_016,2025-01-14,Person 15,PC-115,3,0,29,0,30,3,5.56,201.75
employee_016,2025-01-15,Person 15,PC-115,3,1,28,0,29,2,4.88,212.5
employee_016,2025-01-16,Person 15,PC-115,2,0,30,0,24,3,5.6,169.54
employee_016,2025-01-17,Person 15,PC-115,3,0,38,1,28,4,5.72,181.6
employee_016,2025-01-18,Person 15,PC-115,3,0,38,0,35,3,5.17,163.81
employee_016,2025-01-19,Person 15,PC-115,3,0,31,0,31,2,5.04,152.26
employee_016,2025-01-20,Person 15,PC-115,3,0,35,0,27,3,5.67,351.58
employee_016,2025-01-21,Person 15,PC-115,3,0,32,0,33,3,7.43,177.75
employee_016,2025-01-22,Person 15,PC-115,3,0,30,0,37,2,5.78,166.4
employee_016,2025-01-23,Person 15,PC-115,5,0,30,0,34,2,5.14,181.8
employee_016,2025-01-24,Person 15,PC-115,3,0,40,0,27,3,5.42,193.98
employee_016,2025-01-25,Person 15,PC-115,4,0,37,1,34,3,6.5,169.57
employee_016,2025-01-26,Person 15,PC-115,3,0,33,1,33,3,5.9,166.46
employee_016,2025-01-27,Person 15,PC-115,3,0,34,0,29,2,4.9,176.8
employee_016,2025-01-28,Person 15,PC-115,3,0,31,0,40,3,4.03,193.52
employee_016,2025-01-29,Person 15,PC-115,4,0,32,1,30,3,3.71,164.52
employee_016,2025-01-30,Person 15,PC-115,4,1,40,0,27,3,4.62,170.36
employee_016,2025-01-31,Person 15,PC-115,3,0,29,0,33,3,4.02,183.79
employee_016,2025-02-01,Person 15,PC-115,4,0,28,0,36,3,4.34,163.26
employee_016,2025-02-02,Person 15,PC-115,3,1,38,0,31,3,5.22,218.45
employee_016,2025-02-03,Person 15,PC-115,3,0,39,1,60,3,5.88,190.16
employee_016,2025-02-04,Person 15,PC-115,3,0,30,0,31,3,4.3,156.3
employee_016,2025-02-05,Person 15,PC-115,4,0,26,0,37,3,4.68,197.58
employee_016,2025-02-06,Person 15,PC-115,3,1,33,0,30,3,3.24,166.78
employee_016,2025-02-07,Person 15,PC-115,3,0,32,1,29,2,3.78,224.94
employee_016,2025-02-08,Person 15,PC-115,4,0,33,0,27,3,4.88,179.7
employee_016,2025-02-09,Person 15,PC-115,3,0,36,0,37,2,5.99,200.6
employee_016,2025-02-10,Person 15,PC-115,3,0,34,0,31,2,3.56,153.3
employee_016,2025-02-11,Person 15,PC-115,3,0,32,1,32,3,4.89,211.36
employee_016,2025-02-12,Person 15,PC-115,4,0,39,0,35,3,5.86,196.71
employee_016,2025-02-13,Person 15,PC-115,2,1,28,0,38,2,5.39,197.08
employee_016,2025-02-14,Person 15,PC-115,3,0,35,0,32,3,5.39,175.65
employee_016,2025-02-15,Person 15,PC-115,3,0,32,1,33,3,5.08,182.02
employee_016,2025-02-16,Person 15,PC-115,5,0,30,0,26,2,4.0,183.01
employee_016,2025-02-17,Person 15,PC-115,2,0,26,0,31,3,5.58,183.84
employee_016,2025-02-18,Person 15,PC-115,3,0,35,0,35,2,4.45,151.22
employee_016,2025-02-19,Person 15,PC-115,4,1,30,0,27,3,4.82,182.92
employee_017,2025-01-06,Person 16,PC-116,3,0,28,2,39,1,16.72,191.36
employee_017,2025-01-07,Person 16,PC-116,3,0,28,2,35,2,15.43,212.52
employee_017,2025-01-08,Person 16,PC-116,3,0,24,3,33,1,17.16,180.39
employee_017,2025-01-09,Person 16,PC-116,3,0,27,3,37,2,18.85,198.75
employee_017,2025-01-10,Person 16,PC-116,3,1,29,3,42,2,21.32,227.43
employee_017,2025-01-11,Person 16,PC-116,3,0,28,3,45,2,16.68,197.43
employee_017,2025-01-12,Person 16,PC-116,3,0,35,3,35,1,14.17,239.73
employee_017,2025-01-13,Person 16,PC-116,2,0,29,2,40,1,17.19,203.71
employee_017,2025-01-14,Person 16,PC-116,3,1,22,4,44,1,18.76,204.44
employee_017,2025-01-15,Person 16,PC-116,2,0,24,3,38,2,15.78,190.08
employee_017,2025-01-16,Person 16,PC-116,2,1,28,3,46,2,16.54,189.08
employee_017,2025-01-17,Person 16,PC-116,3,0,32,3,44,2,14.41,180.01
employee_017,2025-01-18,Person 16,PC-116,5,0,29,2,35,2,16.91,190.19
employee_017,2025-01-19,Person 16,PC-116,3,1,23,2,41,2,14.59,212.58
employee_017,2025-01-20,Person 16,PC-116,2,0,32,2,32,2,17.87,224.29
employee_017,2025-01-21,Person 16,PC-116,2,0,32,2,38,2,18.41,217.74
employee_017,2025-01-22,Person 16,PC-116,2,0,26,3,36,1,11.3,162.98
employee_017,2025-01-23,Person 16,PC-116,3,0,22,3,31,2,18.55,208.09
employee_017,2025-01-24,Person 16,PC-116,4,0,28,4,42,1,15.15,196.8
employee_017,2025-01-25,Person 16,PC-116,4,1,27,3,40,2,18.51,246.16
employee_017,2025-01-26,Person 16,PC-116,3,0,29,2,80,2,16.62,236.71
employee_017,2025-01-27,Person 16,PC-116,2,0,26,3,46,2,13.45,201.67
employee_017,2025-01-28,Person 16,PC-116,2,0,26,4,42,2,16.21,218.42
employee_017,2025-01-29,Person 16,PC-116,3,0,29,3,39,1,17.37,194.15
employee_017,2025-01-30,Person 16,PC-116,2,0,31,3,39,2,13.28,212.07
employee_017,2025-01-31,Person 16,PC-116,3,0,29,4,28,2,17.33,201.65
employee_017,2025-02-01,Person 16,PC-116,3,0,35,2,46,2,17.74,215.53
employee_017,2025-02-02,Person 16,PC-116,3,0,54,3,40,2,14.58,210.01
employee_017,2025-02-03,Person 16,PC-116,2,0,31,3,35,2,12.62,235.65
employee_017,2025-02-04,Person 16,PC-116,3,0,29,3,34,1,16.88,209.37
employee_017,2025-02-05,Person 16,PC-116,4,0,32,3,38,3,12.66,175.59
employee_017,2025-02-06,Person 16,PC-116,2,0,24,3,34,1,14.44,176.95
employee_017,2025-02-07,Person 16,PC-116,3,0,32,2,35,2,18.6,239.98
employee_017,2025-02-08,Person 16,PC-116,2,0,30,2,38,1,15.77,212.37
employee_017,2025-02-09,Person 16,PC-116,3,0,33,2,36,2,14.6,212.64
employee_017,2025-02-10,Person 16,PC-116,2,1,32,3,37,2,13.16,179.95
employee_017,2025-02-11,Person 16,PC-116,3,0,33,3,34,1,16.42,180.81
employee_017,2025-02-12,Person 16,PC-116,3,1,29,2,38,2,14.23,167.95
employee_017,2025-02-13,Person 16,PC-116,4,1,30,3,37,1,14.99,170.21
employee_017,2025-02-14,Person 16,PC-116,2,0,29,3,38,2,18.27,212.01
employee_017,2025-02-15,Person 16,PC-116,3,0,29,3,44,2,15.99,197.24
employee_017,2025-02-16,Person 16,PC-116,2,0,24,3,38,2,16.14,186.54
employee_017,2025-02-17,Person 16,PC-116,2,0,34,3,34,2,14.3,203.43
employee_017,2025-02-18,Person 16,PC-116,3,0,23,2,35,2,19.27,210.16
employee_017,2025-02-19,Person 16,PC-116,2,0,26,3,31,2,13.43,221.84
employee_018,2025-01-06,Person 17,PC-117,5,0,51,1,26,1,10.82,215.2
employee_018,2025-01-07,Person 17,PC-117,5,0,42,1,32,1,10.92,197.21
employee_018,2025-01-08,Person 17,PC-117,4,0,41,0,30,2,13.17,221.91
employee_018,2025-01-09,Person 17,PC-117,4,0,39,1,30,1,12.18,213.88
employee_018,2025-01-10,Person 17,PC-117,5,0,32,1,26,1,7.78,291.25
employee_018,2025-01-11,Person 17,PC-117,4,0,43,0,31,1,14.36,244.83
employee_018,2025-01-12,Person 17,PC-117,4,0,47,1,37,2,13.31,274.65
employee_018,2025-01-13,Person 17,PC-117,5,0,31,1,22,1,12.34,189.59
employee_018,2025-01-14,Person 17,PC-117,4,0,36,1,27,1,13.0,233.58
employee_018,2025-01-15,Person 17,PC-117,4,0,42,1,32,1,11.22,236.32
employee_018,2025-01-16,Person 17,PC-117,5,0,40,1,39,2,11.7,247.51
employee_018,2025-01-17,Person 17,PC-117,4,0,45,1,33,2,12.71,219.68
employee_018,2025-01-18,Person 17,PC-117,4,0,35,1,31,1,11.86,264.82
employee_018,2025-01-19,Person 17,PC-117,3,0,43,1,32,1,11.09,209.99
employee_018,2025-01-20,Person 17,PC-117,4,0,40,0,31,1,13.41,235.57
employee_018,2025-01-21,Person 17,PC-117,3,0,53,1,39,2,10.57,210.75
employee_018,2025-01-22,Person 17,PC-117,4,0,40,1,24,2,11.58,263.84
employee_018,2025-01-23,Person 17,PC-117,4,0,50,0,30,2,14.8,274.7
employee_018,2025-01-24,Person 17,PC-117,4,0,42,1,25,1,11.88,256.39
employee_018,2025-01-25,Person 17,PC-117,5,0,45,1,26,1,13.12,253.52
employee_018,2025-01-26,Person 17,PC-117,3,0,44,1,35,2,12.38,251.13
employee_018,2025-01-27,Person 17,PC-117,4,0,50,1,19,1,17.95,221.92
employee_018,2025-01-28,Person 17,PC-117,4,0,46,1,31,2,11.16,252.9
employee_018,2025-01-29,Person 17,PC-117,4,0,34,1,28,1,11.95,245.12
employee_018,2025-01-30,Person 17,PC-117,4,0,41,1,29,1,12.51,233.99
employee_018,2025-01-31,Person 17,PC-117,4,0,41,1,31,2,14.86,223.3
employee_018,2025-02-01,Person 17,PC-117,5,0,47,1,32,3,13.34,236.15
employee_018,2025-02-02,Person 17,PC-117,3,0,33,1,33,2,12.67,239.21
employee_018,2025-02-03,Person 17,PC-117,3,1,36,1,29,2,10.23,235.8
employee_018,2025-02-04,Person 17,PC-117,3,0,40,1,26,1,10.79,255.57
employee_018,2025-02-05,Person 17,PC-117,5,0,37,1,35,1,12.96,227.27
employee_018,2025-02-06,Person 17,PC-117,4,0,29,0,29,2,11.54,165.78
employee_018,2025-02-07,Person 17,PC-117,4,0,33,0,23,1,12.45,267.03
employee_018,2025-02-08,Person 17,PC-117,3,0,40,1,35,1,10.74,258.1
employee_018,2025-02-09,Person 17,PC-117,3,0,47,1,28,1,9.88,250.6
employee_018,2025-02-10,Person 17,PC-117,4,0,36,1,39,1,13.23,251.06
employee_018,2025-02-11,Person 17,PC-117,4,0,44,1,41,1,12.76,221.31
employee_018,2025-02-12,Person 17,PC-117,4,0,41,1,30,1,14.37,246.64
employee_018,2025-02-13,Person 17,PC-117,3,0,38,1,34,1,12.28,222.67
employee_018,2025-02-14,Person 17,PC-117,9,0,42,1,27,1,11.9,250.33
employee_018,2025-02-15,Person 17,PC-117,4,0,39,0,30,1,13.11,218.78
employee_018,2025-02-16,Person 17,PC-117,4,0,38,1,34,1,12.45,222.29
employee_018,2025-02-17,Person 17,PC-117,4,0,38,1,34,1,11.73,251.06
employee_018,2025-02-18,Person 17,PC-117,4,0,32,1,27,1,11.73,259.13
employee_018,2025-02-19,Person 17,PC-117,4,0,38,1,36,1,11.05,199.91
employee_019,2025-01-06,Person 18,PC-118,5,0,40,3,28,5,6.31,176.12
employee_019,2025-01-07,Person 18,PC-118,4,0,41,2,29,5,6.31,191.85
employee_019,2025-01-08,Person 18,PC-118,3,0,41,2,30,5,6.93,189.95
employee_019,2025-01-09,Person 18,PC-118,3,0,33,3,40,4,5.84,165.08
employee_019,2025-01-10,Person 18,PC-118,4,0,40,3,34,5,7.11,179.48
employee_019,2025-01-11,Person 18,PC-118,3,1,40,3,38,6,6.77,124.93
employee_019,2025-01-12,Person 18,PC-118,2,0,42,3,33,4,5.78,179.73
employee_019,2025-01-13,Person 18,PC-118,3,0,37,3,27,5,4.51,192.57
employee_019,2025-01-14,Person 18,PC-118,3,0,35,3,35,6,6.41,173.68
employee_019,2025-01-15,Person 18,PC-118,3,1,41,3,58,5,6.03,258.32
employee_019,2025-01-16,Person 18,PC-118,4,0,49,2,31,4,6.01,213.96
employee_019,2025-01-17,Person 18,PC-118,3,0,37,3,32,5,5.1,181.49
employee_019,2025-01-18,Person 18,PC-118,4,0,45,4,35,4,6.2,193.86
employee_019,2025-01-19,Person 18,PC-118,3,0,24,3,33,9,4.84,195.0
employee_019,2025-01-20,Person 18,PC-118,3,0,37,3,30,6,5.63,229.12
employee_019,2025-01-21,Person 18,PC-118,4,0,36,8,39,4,6.62,190.37
employee_019,2025-01-22,Person 18,PC-118,3,0,35,3,30,4,6.99,168.37
employee_019,2025-01-23,Person 18,PC-118,3,0,51,2,27,6,5.33,167.07
employee_019,2025-01-24,Person 18,PC-118,3,0,37,3,27,5,4.78,201.25
employee_019,2025-01-25,Person 18,PC-118,3,0,27,4,35,5,5.7,115.68
employee_019,2025-01-26,Person 18,PC-118,4,0,42,2,29,7,7.07,160.26
employee_019,2025-01-27,Person 18,PC-118,3,0,42,3,36,6,7.4,143.88
employee_019,2025-01-28,Person 18,PC-118,3,0,35,3,32,6,5.97,190.61
employee_019,2025-01-29,Person 18,PC-118,2,1,45,3,33,4,6.72,213.03
employee_019,2025-01-30,Person 18,PC-118,3,1,36,3,28,4,6.01,176.61
employee_019,2025-01-31,Person 18,PC-118,3,0,36,3,35,5,5.8,186.19
employee_019,2025-02-01,Person 18,PC-118,3,0,42,3,30,5,5.47,211.05
employee_019,2025-02-02,Person 18,PC-118,3,0,36,3,33,4,5.69,205.9
employee_019,2025-02-03,Person 18,PC-118,4,0,38,2,24,3,6.03,181.34
employee_019,2025-02-04,Person 18,PC-118,3,0,72,3,73,3,5.71,147.46
employee_019,2025-02-05,Person 18,PC-118,5,0,44,3,34,6,6.15,176.59
employee_019,2025-02-06,Person 18,PC-118,4,0,34,3,27,5,7.63,183.22
employee_019,2025-02-07,Person 18,PC-118,3,0,44,3,38,5,6.68,194.09
employee_019,2025-02-08,Person 18,PC-118,3,0,40,3,32,6,5.58,233.44
employee_019,2025-02-09,Person 18,PC-118,6,0,40,3,36,4,4.21,185.52
employee_019,2025-02-10,Person 18,PC-118,7,1,41,4,33,4,7.1,202.32
employee_019,2025-02-11,Person 18,PC-118,4,0,40,3,35,5,6.49,233.1
employee_019,2025-02-12,Person 18,PC-118,4,0,46,3,30,5,6.25,234.54
employee_019,2025-02-13,Person 18,PC-118,5,0,40,2,28,3,6.46,198.68
employee_019,2025-02-14,Person 18,PC-118,3,0,44,3,30,5,6.74,197.1
employee_019,2025-02-15,Person 18,PC-118,4,0,35,3,33,4,5.39,161.47
employee_019,2025-02-16,Person 18,PC-118,3,0,34,3,32,5,5.05,191.67
employee_019,2025-02-17,Person 18,PC-118,4,0,46,2,36,5,10.04,177.89
employee_019,2025-02-18,Person 18,PC-118,4,0,39,3,38,5,6.8,197.19
employee_019,2025-02-19,Person 18,PC-118,3,0,40,3,33,5,5.83,188.12
employee_020,2025-01-06,Person 19,PC-119,2,0,27,2,31,6,23.89,293.21
employee_020,2025-01-07,Person 19,PC-119,3,0,22,2,37,6,29.7,205.73
employee_020,2025-01-08,Person 19,PC-119,3,0,25,3,31,5,25.63,273.21
employee_020,2025-01-09,Person 19,PC-119,3,0,26,3,38,10,27.57,566.52
employee_020,2025-01-10,Person 19,PC-119,3,1,24,1,39,7,22.37,333.84
employee_020,2025-01-11,Person 19,PC-119,3,0,24,2,32,6,26.93,224.98
employee_020,2025-01-12,Person 19,PC-119,2,0,27,2,37,6,24.11,261.4
employee_020,2025-01-13,Person 19,PC-119,2,0,28,3,33,6,23.91,237.18
employee_020,2025-01-14,Person 19,PC-119,2,0,27,3,34,5,29.08,237.87
employee_020,2025-01-15,Person 19,PC-119,3,1,30,2,36,7,23.84,242.77
employee_020,2025-01-16,Person 19,PC-119,3,0,22,2,40,6,20.04,245.38
employee_020,2025-01-17,Person 19,PC-119,3,1,24,3,32,6,24.13,426.75
employee_020,2025-01-18,Person 19,PC-119,2,1,26,2,35,6,21.96,305.08
employee_020,2025-01-19,Person 19,PC-119,2,0,27,3,30,6,28.03,186.9
employee_020,2025-01-20,Person 19,PC-119,3,1,26,3,36,5,28.0,196.44
employee_020,2025-01-21,Person 19,PC-119,4,0,31,2,33,5,26.61,250.56
employee_020,2025-01-22,Person 19,PC-119,3,0,25,2,40,6,25.92,275.28
employee_020,2025-01-23,Person 19,PC-119,3,0,24,2,34,5,69.38,230.78
employee_020,2025-01-24,Person 19,PC-119,2,0,18,2,28,8,27.0,222.48
employee_020,2025-01-25,Person 19,PC-119,3,1,26,4,32,6,24.42,270.52
employee_020,2025-01-26,Person 19,PC-119,3,0,20,2,35,4,25.42,317.02
employee_020,2025-01-27,Person 19,PC-119,2,0,28,2,40,6,25.76,258.71
employee_020,2025-01-28,Person 19,PC-119,3,0,21,2,40,5,25.65,248.7
employee_020,2025-01-29,Person 19,PC-119,3,0,21,2,43,6,27.79,262.71
employee_020,2025-01-30,Person 19,PC-119,3,0,26,2,31,4,26.63,190.89
employee_020,2025-01-31,Person 19,PC-119,2,0,26,2,43,6,29.76,233.7
employee_020,2025-02-01,Person 19,PC-119,3,0,17,2,31,6,33.17,324.48
employee_020,2025-02-02,Person 19,PC-119,3,0,23,3,40,5,20.61,217.38
employee_020,2025-02-03,Person 19,PC-119,3,1,20,2,32,5,25.35,269.49
employee_020,2025-02-04,Person 19,PC-119,3,0,17,2,40,5,25.2,262.09
employee_020,2025-02-05,Person 19,PC-119,3,0,20,3,42,7,31.83,281.69
employee_020,2025-02-06,Person 19,PC-119,3,0,25,3,37,5,28.94,257.95
employee_020,2025-02-07,Person 19,PC-119,3,0,25,3,39,6,57.62,212.66
employee_020,2025-02-08,Person 19,PC-119,4,0,26,2,36,5,27.54,252.29
employee_020,2025-02-09,Person 19,PC-119,3,0,21,2,40,6,23.37,260.41
employee_020,2025-02-10,Person 19,PC-119,3,1,24,3,36,4,18.85,259.23
employee_020,2025-02-11,Person 19,PC-119,3,0,28,2,35,5,25.25,283.36
employee_020,2025-02-12,Person 19,PC-119,2,0,24,4,41,7,23.91,262.36
employee_020,2025-02-13,Person 19,PC-119,3,0,22,2,28,6,26.5,204.77
employee_020,2025-02-14,Person 19,PC-119,2,0,27,3,34,7,23.63,212.49
employee_020,2025-02-15,Person 19,PC-119,2,0,24,3,34,6,27.83,188.86
employee_020,2025-02-16,Person 19,PC-119,3,1,31,3,39,5,28.24,271.83
employee_020,2025-02-17,Person 19,PC-119,2,0,25,2,31,5,25.32,156.16
employee_020,2025-02-18,Person 19,PC-119,3,1,24,3,24,6,24.8,250.0
employee_020,2025-02-19,Person 19,PC-119,2,0,22,3,38,6,24.29,164.7
employee_021,2025-01-06,Person 20,PC-120,2,0,42,2,35,3,6.32,92.68
employee_021,2025-01-07,Person 20,PC-120,3,0,46,3,25,3,7.16,110.76
employee_021,2025-01-08,Person 20,PC-120,1,0,34,3,34,4,7.55,120.42
employee_021,2025-01-09,Person 20,PC-120,3,0,33,3,30,5,6.17,124.39
employee_021,2025-01-10,Person 20,PC-120,3,0,51,3,33,5,6.17,171.79
employee_021,2025-01-11,Person 20,PC-120,2,0,50,2,27,4,8.19,123.91
employee_021,2025-01-12,Person 20,PC-120,3,0,46,2,29,3,6.76,135.0
employee_021,2025-01-13,Person 20,PC-120,3,0,44,3,37,3,5.55,118.92
employee_021,2025-01-14,Person 20,PC-120,3,0,43,2,33,4,7.38,132.22
employee_021,2025-01-15,Person 20,PC-120,2,0,37,2,28,5,6.25,117.29
employee_021,2025-01-16,Person 20,PC-120,2,0,44,3,28,4,7.81,127.67
employee_021,2025-01-17,Person 20,PC-120,3,0,44,2,28,4,7.47,142.66
employee_021,2025-01-18,Person 20,PC-120,3,0,37,3,28,4,7.36,114.42
employee_021,2025-01-19,Person 20,PC-120,3,0,48,2,39,3,8.06,120.21
employee_021,2025-01-20,Person 20,PC-120,2,0,42,3,27,4,6.24,132.33
employee_021,2025-01-21,Person 20,PC-120,4,0,37,2,38,3,6.5,132.69
employee_021,2025-01-22,Person 20,PC-120,3,0,41,3,26,4,5.86,128.72
employee_021,2025-01-23,Person 20,PC-120,4,0,41,3,24,4,8.28,128.79
employee_021,2025-01-24,Person 20,PC-120,3,0,43,3,31,4,8.76,144.39
employee_021,2025-01-25,Person 20,PC-120,3,0,43,3,38,4,6.9,119.33
employee_021,2025-01-26,Person 20,PC-120,3,1,43,3,27,5,6.49,127.39
employee_021,2025-01-27,Person 20,PC-120,3,0,37,3,24,4,7.25,89.35
employee_021,2025-01-28,Person 20,PC-120,2,1,44,4,37,4,7.39,150.72
employee_021,2025-01-29,Person 20,PC-120,3,0,44,2,30,4,6.37,119.64
employee_021,2025-01-30,Person 20,PC-120,3,0,38,3,32,5,7.41,114.11
employee_021,2025-01-31,Person 20,PC-120,2,0,54,2,31,4,7.98,123.43
employee_021,2025-02-01,Person 20,PC-120,3,0,44,3,34,4,5.91,111.91
employee_021,2025-02-02,Person 20,PC-120,6,0,43,1,32,4,7.58,113.79
employee_021,2025-02-03,Person 20,PC-120,3,0,37,3,35,5,6.02,139.29
employee_021,2025-02-04,Person 20,PC-120,2,0,53,3,30,3,6.64,112.82
employee_021,2025-02-05,Person 20,PC-120,2,0,35,2,38,4,6.96,115.05
employee_021,2025-02-06,Person 20,PC-120,3,0,42,2,33,4,7.88,88.55
employee_021,2025-02-07,Person 20,PC-120,2,1,38,3,36,5,6.92,111.41
employee_021,2025-02-08,Person 20,PC-120,3,0,43,3,28,5,8.79,135.86
employee_021,2025-02-09,Person 20,PC-120,3,0,40,3,32,5,7.39,101.81
employee_021,2025-02-10,Person 20,PC-120,3,0,38,3,34,4,8.34,119.74
employee_021,2025-02-11,Person 20,PC-120,3,1,44,3,28,4,6.24,156.49
employee_021,2025-02-12,Person 20,PC-120,2,1,48,2,32,4,6.25,125.4
employee_021,2025-02-13,Person 20,PC-120,3,0,39,3,22,4,5.99,94.94
employee_021,2025-02-14,Person 20,PC-120,3,1,45,2,28,5,7.41,95.96
employee_021,2025-02-15,Person 20,PC-120,3,0,42,2,39,5,8.03,101.67
employee_021,2025-02-16,Person 20,PC-120,2,0,47,3,34,4,6.38,122.3
employee_021,2025-02-17,Person 20,PC-120,3,0,40,4,38,5,7.22,102.3
employee_021,2025-02-18,Person 20,PC-120,3,0,35,2,58,3,7.83,116.51
employee_021,2025-02-19,Person 20,PC-120,3,0,41,2,25,4,8.41,119.97
employee_022,2025-01-06,Person 21,PC-121,2,0,30,2,19,3,15.59,150.65
employee_022,2025-01-07,Person 21,PC-121,2,0,25,3,20,2,16.19,123.64
employee_022,2025-01-08,Person 21,PC-121,2,0,29,3,20,2,15.39,141.75
employee_022,2025-01-09,Person 21,PC-121,3,0,26,2,19,2,20.89,115.91
employee_022,2025-01-10,Person 21,PC-121,3,1,27,2,21,2,19.35,141.97
employee_022,2025-01-11,Person 21,PC-121,2,1,25,2,20,3,17.97,109.88
employee_022,2025-01-12,Person 21,PC-121,5,0,30,3,25,2,14.74,112.8
employee_022,2025-01-13,Person 21,PC-121,1,0,29,2,24,3,14.78,115.44
employee_022,2025-01-14,Person 21,PC-121,2,1,28,4,20,2,18.09,138.11
employee_022,2025-01-15,Person 21,PC-121,2,1,27,2,19,3,15.99,87.28
employee_022,2025-01-16,Person 21,PC-121,3,0,26,2,19,3,28.18,127.98
employee_022,2025-01-17,Person 21,PC-121,2,0,33,7,17,3,15.48,115.07
employee_022,2025-01-18,Person 21,PC-121,2,0,26,3,17,2,15.27,165.33
employee_022,2025-01-19,Person 21,PC-121,2,0,52,3,27,3,17.07,113.17
employee_022,2025-01-20,Person 21,PC-121,2,0,30,2,23,2,12.39,137.22
employee_022,2025-01-21,Person 21,PC-121,3,0,26,1,24,3,17.99,127.25
employee_022,2025-01-22,Person 21,PC-121,2,0,31,3,23,2,15.12,115.24
employee_022,2025-01-23,Person 21,PC-121,2,0,23,3,32,3,16.18,134.25
employee_022,2025-01-24,Person 21,PC-121,2,0,23,2,19,3,13.95,115.71
employee_022,2025-01-25,Person 21,PC-121,2,1,29,2,23,2,16.86,142.59
employee_022,2025-01-26,Person 21,PC-121,2,0,30,3,27,2,20.02,118.94
employee_022,2025-01-27,Person 21,PC-121,2,0,31,1,24,3,17.98,111.33
employee_022,2025-01-28,Person 21,PC-121,2,0,27,2,24,2,18.86,124.81
employee_022,2025-01-29,Person 21,PC-121,2,0,21,2,21,2,14.53,127.56
employee_022,2025-01-30,Person 21,PC-121,2,0,23,3,23,2,17.0,123.28
employee_022,2025-01-31,Person 21,PC-121,2,0,31,2,26,2,14.93,145.31
employee_022,2025-02-01,Person 21,PC-121,2,1,28,2,21,2,18.66,104.04
employee_022,2025-02-02,Person 21,PC-121,2,0,24,2,22,2,13.22,126.32
employee_022,2025-02-03,Person 21,PC-121,1,1,32,2,20,2,10.58,140.32
employee_022,2025-02-04,Person 21,PC-121,2,0,28,2,24,2,14.85,114.12
employee_022,2025-02-05,Person 21,PC-121,2,0,29,3,24,2,14.13,106.52
employee_022,2025-02-06,Person 21,PC-121,3,0,28,2,22,2,12.44,104.39
employee_022,2025-02-07,Person 21,PC-121,2,1,30,3,29,3,17.8,98.11
employee_022,2025-02-08,Person 21,PC-121,2,1,24,2,15,3,18.04,138.04
employee_022,2025-02-09,Person 21,PC-121,2,0,28,4,22,4,12.5,104.41
employee_022,2025-02-10,Person 21,PC-121,3,1,31,2,23,2,17.36,127.68
employee_022,2025-02-11,Person 21,PC-121,1,1,23,2,27,3,12.29,129.38
employee_022,2025-02-12,Person 21,PC-121,2,0,24,2,21,2,13.97,119.28
employee_022,2025-02-13,Person 21,PC-121,2,0,30,1,21,2,14.79,91.31
employee_022,2025-02-14,Person 21,PC-121,2,0,31,2,21,2,20.09,93.43
employee_022,2025-02-15,Person 21,PC-121,2,1,27,2,28,2,17.07,132.26
employee_022,2025-02-16,Person 21,PC-121,2,0,29,1,23,3,17.86,133.94
employee_022,2025-02-17,Person 21,PC-121,2,0,25,2,22,2,15.1,97.66
employee_022,2025-02-18,Person 21,PC-121,2,0,32,2,24,3,18.14,115.49
employee_022,2025-02-19,Person 21,PC-121,2,0,26,3,22,2,19.84,125.07
employee_023,2025-01-06,Person 22,PC-122,4,0,40,0,12,2,24.5,164.38
employee_023,2025-01-07,Person 22,PC-122,3,0,40,0,18,2,35.83,156.44
employee_023,2025-01-08,Person 22,PC-122,4,0,42,1,14,1,25.67,163.48
employee_023,2025-01-09,Person 22,PC-122,4,0,56,0,14,1,27.42,165.38
employee_023,2025-01-10,Person 22,PC-122,4,0,49,1,16,2,24.13,162.36
employee_023,2025-01-11,Person 22,PC-122,5,0,96,1,14,1,23.8,152.79
employee_023,2025-01-12,Person 22,PC-122,5,0,52,1,14,2,30.18,167.71
employee_023,2025-01-13,Person 22,PC-122,5,1,54,0,16,2,33.9,139.15
employee_023,2025-01-14,Person 22,PC-122,4,0,50,0,13,1,26.64,189.11
employee_023,2025-01-15,Person 22,PC-122,4,0,48,0,21,2,29.34,160.23
employee_023,2025-01-16,Person 22,PC-122,4,0,53,0,17,2,29.2,155.39
employee_023,2025-01-17,Person 22,PC-122,4,0,41,0,14,2,23.09,165.81
employee_023,2025-01-18,Person 22,PC-122,5,0,56,0,18,1,28.32,173.61
employee_023,2025-01-19,Person 22,PC-122,5,0,48,0,16,2,27.17,131.85
employee_023,2025-01-20,Person 22,PC-122,4,0,56,1,17,1,33.83,147.81
employee_023,2025-01-21,Person 22,PC-122,3,0,42,1,12,0,27.61,140.39
employee_023,2025-01-22,Person 22,PC-122,5,0,54,1,15,2,24.24,146.26
employee_023,2025-01-23,Person 22,PC-122,4,0,45,1,18,2,31.46,135.88
employee_023,2025-01-24,Person 22,PC-122,4,0,52,0,16,1,25.54,137.77
employee_023,2025-01-25,Person 22,PC-122,5,0,111,0,18,2,24.41,191.36
employee_023,2025-01-26,Person 22,PC-122,5,0,50,0,16,1,28.12,176.4
employee_023,2025-01-27,Person 22,PC-122,4,0,125,1,16,2,25.92,136.91
employee_023,2025-01-28,Person 22,PC-122,5,0,60,1,15,2,32.65,168.68
employee_023,2025-01-29,Person 22,PC-122,4,0,51,1,16,2,32.25,159.91
employee_023,2025-01-30,Person 22,PC-122,5,0,43,0,17,2,30.63,162.72
employee_023,2025-01-31,Person 22,PC-122,4,0,51,0,14,1,34.55,138.89
employee_023,2025-02-01,Person 22,PC-122,5,0,54,0,15,1,28.05,160.4
employee_023,2025-02-02,Person 22,PC-122,3,0,43,0,15,2,35.56,160.38
employee_023,2025-02-03,Person 22,PC-122,4,1,44,0,16,1,24.28,164.66
employee_023,2025-02-04,Person 22,PC-122,4,0,49,0,17,1,23.63,136.72
employee_023,2025-02-05,Person 22,PC-122,4,0,46,1,19,2,24.18,145.36
employee_023,2025-02-06,Person 22,PC-122,5,0,49,0,15,1,23.57,162.83
employee_023,2025-02-07,Person 22,PC-122,3,0,43,0,17,2,32.05,180.6
employee_023,2025-02-08,Person 22,PC-122,3,1,50,0,18,2,28.77,153.22
employee_023,2025-02-09,Person 22,PC-122,5,1,48,0,18,1,26.98,135.96
employee_023,2025-02-10,Person 22,PC-122,3,0,42,0,16,1,28.47,169.56
employee_023,2025-02-11,Person 22,PC-122,4,0,51,0,17,1,34.25,144.47
employee_023,2025-02-12,Person 22,PC-122,3,1,47,1,16,2,27.74,118.02
employee_023,2025-02-13,Person 22,PC-122,4,0,48,0,19,1,26.21,152.44
employee_023,2025-02-14,Person 22,PC-122,5,1,50,0,15,2,27.39,155.32
employee_023,2025-02-15,Person 22,PC-122,3,1,48,0,18,1,26.53,157.15
employee_023,2025-02-16,Person 22,PC-122,5,0,50,1,16,2,27.92,143.12
employee_023,2025-02-17,Person 22,PC-122,5,0,50,0,20,1,22.78,125.44
employee_023,2025-02-18,Person 22,PC-122,4,0,50,0,20,2,31.8,185.91
employee_023,2025-02-19,Person 22,PC-122,5,0,56,1,13,2,26.18,174.14
employee_024,2025-01-06,Person 23,PC-123,4,0,26,1,35,4,26.47,203.52
employee_024,2025-01-07,Person 23,PC-123,3,0,22,1,32,3,25.75,189.22
employee_024,2025-01-08,Person 23,PC-123,4,1,20,1,28,3,26.78,205.29
employee_024,2025-01-09,Person 23,PC-123,2,0,23,1,25,4,32.5,193.5
employee_024,2025-01-10,Person 23,PC-123,3,0,28,1,26,3,25.27,200.32
employee_024,2025-01-11,Person 23,PC-123,4,0,25,1,34,4,27.43,186.13
employee_024,2025-01-12,Person 23,PC-123,2,0,23,1,35,3,20.89,179.82
employee_024,2025-01-13,Person 23,PC-123,4,0,30,1,67,4,30.73,203.28
employee_024,2025-01-14,Person 23,PC-123,3,0,21,1,29,4,25.5,195.11
employee_024,2025-01-15,Person 23,PC-123,3,1,28,1,28,2,53.1,179.49
employee_024,2025-01-16,Person 23,PC-123,3,1,27,2,33,4,35.0,199.49
employee_024,2025-01-17,Person 23,PC-123,3,0,25,1,34,4,34.47,219.19
employee_024,2025-01-18,Person 23,PC-123,4,0,26,1,40,5,30.63,166.91
employee_024,2025-01-19,Person 23,PC-123,4,1,28,1,29,2,23.16,229.85
employee_024,2025-01-20,Person 23,PC-123,4,0,23,1,26,3,24.31,211.62
employee_024,2025-01-21,Person 23,PC-123,3,1,20,1,26,3,24.16,207.14
employee_024,2025-01-22,Person 23,PC-123,4,0,19,1,34,4,30.37,186.9
employee_024,2025-01-23,Person 23,PC-123,3,0,16,1,36,3,31.96,172.28
employee_024,2025-01-24,Person 23,PC-123,3,0,27,1,29,4,33.6,193.43
employee_024,2025-01-25,Person 23,PC-123,3,0,23,1,31,3,29.34,148.67
employee_024,2025-01-26,Person 23,PC-123,4,0,25,2,24,2,30.16,205.79
employee_024,2025-01-27,Person 23,PC-123,3,0,23,1,32,4,29.95,175.32
employee_024,2025-01-28,Person 23,PC-123,4,0,24,1,30,4,26.66,154.52
employee_024,2025-01-29,Person 23,PC-123,4,0,24,1,30,4,30.18,218.94
employee_024,2025-01-30,Person 23,PC-123,4,0,20,1,30,4,29.39,181.06
employee_024,2025-01-31,Person 23,PC-123,4,0,26,1,34,3,27.77,165.36
employee_024,2025-02-01,Person 23,PC-123,4,0,27,1,33,4,25.33,176.75
employee_024,2025-02-02,Person 23,PC-123,4,0,24,1,28,4,30.95,170.69
employee_024,2025-02-03,Person 23,PC-123,3,0,24,1,23,2,25.99,194.08
employee_024,2025-02-04,Person 23,PC-123,3,0,27,1,29,4,24.81,194.47
employee_024,2025-02-05,Person 23,PC-123,3,1,23,1,34,4,24.76,225.09
employee_024,2025-02-06,Person 23,PC-123,3,0,22,1,37,4,34.78,223.87
employee_024,2025-02-07,Person 23,PC-123,4,0,22,1,33,3,22.73,188.46
employee_024,2025-02-08,Person 23,PC-123,4,1,22,1,39,3,26.8,225.06
employee_024,2025-02-09,Person 23,PC-123,4,0,27,1,68,5,24.42,159.29
employee_024,2025-02-10,Person 23,PC-123,3,0,24,1,29,4,27.08,238.31
employee_024,2025-02-11,Person 23,PC-123,4,0,25,1,34,3,34.05,171.85
employee_024,2025-02-12,Person 23,PC-123,4,0,20,1,34,3,29.71,211.69
employee_024,2025-02-13,Person 23,PC-123,4,1,29,1,39,3,32.59,216.36
employee_024,2025-02-14,Person 23,PC-123,3,1,26,1,39,3,29.35,183.25
employee_024,2025-02-15,Person 23,PC-123,4,1,26,1,31,3,24.74,184.7
employee_024,2025-02-16,Person 23,PC-123,3,0,27,1,25,3,26.7,214.32
employee_024,2025-02-17,Person 23,PC-123,3,0,24,1,31,3,29.6,223.46
employee_024,2025-02-18,Person 23,PC-123,3,0,23,1,24,3,24.98,170.78
employee_024,2025-02-19,Person 23,PC-123,4,0,22,1,37,3,26.9,176.14
employee_025,2025-01-06,Person 24,PC-124,4,0,28,2,22,4,24.33,180.68
employee_025,2025-01-07,Person 24,PC-124,2,0,28,1,38,4,20.07,134.21
employee_025,2025-01-08,Person 24,PC-124,3,1,30,2,38,4,28.14,149.76
employee_025,2025-01-09,Person 24,PC-124,1,0,24,2,28,4,28.8,143.45
employee_025,2025-01-10,Person 24,PC-124,2,1,52,2,42,4,20.36,147.41
employee_025,2025-01-11,Person 24,PC-124,3,1,27,2,34,4,22.14,147.63
employee_025,2025-01-12,Person 24,PC-124,3,0,29,2,35,5,28.03,146.16
employee_025,2025-01-13,Person 24,PC-124,3,1,27,3,32,4,27.59,134.91
employee_025,2025-01-14,Person 24,PC-124,2,0,55,3,27,4,23.24,139.21
employee_025,2025-01-15,Person 24,PC-124,2,0,22,3,32,5,28.16,138.05
employee_025,2025-01-16,Person 24,PC-124,1,0,28,2,33,5,22.67,130.47
employee_025,2025-01-17,Person 24,PC-124,3,0,31,2,23,3,20.69,134.59
employee_025,2025-01-18,Person 24,PC-124,4,0,26,3,26,4,26.77,148.07
employee_025,2025-01-19,Person 24,PC-124,3,0,29,3,38,4,20.25,130.83
employee_025,2025-01-20,Person 24,PC-124,3,0,27,3,37,4,28.69,153.68
employee_025,2025-01-21,Person 24,PC-124,3,1,28,3,36,3,26.32,144.46
employee_025,2025-01-22,Person 24,PC-124,2,1,22,2,34,5,23.01,164.91
employee_025,2025-01-23,Person 24,PC-124,3,0,31,2,41,3,22.15,136.18
employee_025,2025-01-24,Person 24,PC-124,2,0,28,2,35,4,22.35,151.49
employee_025,2025-01-25,Person 24,PC-124,2,0,24,2,35,3,21.93,143.92
employee_025,2025-01-26,Person 24,PC-124,3,0,29,3,31,4,28.03,143.81
employee_025,2025-01-27,Person 24,PC-124,2,0,29,3,44,5,26.66,278.39
employee_025,2025-01-28,Person 24,PC-124,3,0,25,3,30,5,20.75,153.65
employee_025,2025-01-29,Person 24,PC-124,4,0,27,2,33,5,23.94,115.95
employee_025,2025-01-30,Person 24,PC-124,2,0,26,2,28,4,19.13,134.16
employee_025,2025-01-31,Person 24,PC-124,2,0,29,4,37,5,61.37,127.65
employee_025,2025-02-01,Person 24,PC-124,2,3,39,9,35,10,73.89,148.16
employee_025,2025-02-02,Person 24,PC-124,3,0,43,11,41,11,91.84,160.93
employee_025,2025-02-03,Person 24,PC-124,3,0,66,10,37,12,135.44,145.83
employee_025,2025-02-04,Person 24,PC-124,2,2,55,16,29,12,147.87,125.64
employee_025,2025-02-05,Person 24,PC-124,2,3,73,18,35,16,204.34,153.75
employee_025,2025-02-06,Person 24,PC-124,2,4,75,20,39,20,198.54,157.33
employee_025,2025-02-07,Person 24,PC-124,3,2,68,16,33,20,247.45,140.17
employee_025,2025-02-08,Person 24,PC-124,2,9,81,17,34,19,173.61,133.34
employee_025,2025-02-09,Person 24,PC-124,3,1,80,21,31,32,274.27,145.85
employee_025,2025-02-10,Person 24,PC-124,2,5,71,23,31,27,246.96,135.13
employee_025,2025-02-11,Person 24,PC-124,2,10,77,20,31,33,255.78,138.69
employee_025,2025-02-12,Person 24,PC-124,2,1,85,19,32,26,181.59,156.32
employee_025,2025-02-13,Person 24,PC-124,3,1,62,13,33,27,275.89,127.74
employee_025,2025-02-14,Person 24,PC-124,6,0,82,26,38,25,252.23,146.81
employee_025,2025-02-15,Person 24,PC-124,3,5,78,20,33,32,198.34,131.1
employee_025,2025-02-16,Person 24,PC-124,3,3,78,22,33,17,282.28,143.98
employee_025,2025-02-17,Person 24,PC-124,3,0,79,18,37,20,189.56,144.28
employee_025,2025-02-18,Person 24,PC-124,3,9,62,16,40,28,251.52,112.1
employee_025,2025-02-19,Person 24,PC-124,4,4,69,25,40,22,257.35,165.87
employee_026,2025-01-06,Person 25,PC-125,3,0,30,3,18,1,10.21,312.23
employee_026,2025-01-07,Person 25,PC-125,4,0,26,4,16,1,13.91,310.12
employee_026,2025-01-08,Person 25,PC-125,5,0,26,3,17,0,12.46,287.72
employee_026,2025-01-09,Person 25,PC-125,4,1,28,3,18,1,14.08,258.14
employee_026,2025-01-10,Person 25,PC-125,2,0,28,3,16,1,12.21,352.17
employee_026,2025-01-11,Person 25,PC-125,5,0,30,3,18,2,14.92,257.92
employee_026,2025-01-12,Person 25,PC-125,9,0,29,4,18,1,15.14,281.93
employee_026,2025-01-13,Person 25,PC-125,3,0,31,3,18,1,12.63,314.66
employee_026,2025-01-14,Person 25,PC-125,3,0,33,2,16,1,12.79,241.68
employee_026,2025-01-15,Person 25,PC-125,4,1,28,3,18,1,14.92,274.73
employee_026,2025-01-16,Person 25,PC-125,3,0,33,4,14,2,12.31,279.26
employee_026,2025-01-17,Person 25,PC-125,4,1,27,3,16,1,14.03,311.7
employee_026,2025-01-18,Person 25,PC-125,3,0,30,4,16,2,14.32,331.85
employee_026,2025-01-19,Person 25,PC-125,4,1,28,2,17,1,14.79,321.15
employee_026,2025-01-20,Person 25,PC-125,5,0,29,3,15,1,13.62,364.51
employee_026,2025-01-21,Person 25,PC-125,4,0,33,3,15,1,15.16,273.18
employee_026,2025-01-22,Person 25,PC-125,3,0,28,3,15,1,16.14,289.27
employee_026,2025-01-23,Person 25,PC-125,3,0,34,3,17,1,11.59,272.25
employee_026,2025-01-24,Person 25,PC-125,4,0,36,4,20,2,13.22,249.19
employee_026,2025-01-25,Person 25,PC-125,4,0,28,3,20,1,14.64,353.19
employee_026,2025-01-26,Person 25,PC-125,4,0,30,3,17,1,15.75,322.18
employee_026,2025-01-27,Person 25,PC-125,4,0,24,4,15,2,14.85,301.21
employee_026,2025-01-28,Person 25,PC-125,3,0,30,2,16,1,12.25,286.02
employee_026,2025-01-29,Person 25,PC-125,3,0,25,3,16,1,15.04,335.19
employee_026,2025-01-30,Person 25,PC-125,4,0,29,3,18,2,14.66,300.12
employee_026,2025-01-31,Person 25,PC-125,4,0,32,4,16,1,13.41,368.08
employee_026,2025-02-01,Person 25,PC-125,4,0,30,3,16,1,15.47,298.25
employee_026,2025-02-02,Person 25,PC-125,5,0,27,3,16,1,14.46,317.24
employee_026,2025-02-03,Person 25,PC-125,3,0,26,1,16,1,14.68,267.27
employee_026,2025-02-04,Person 25,PC-125,4,0,26,4,13,1,13.66,317.13
employee_026,2025-02-05,Person 25,PC-125,4,1,26,3,14,1,14.44,306.9
employee_026,2025-02-06,Person 25,PC-125,4,0,35,4,15,1,13.98,309.67
employee_026,2025-02-07,Person 25,PC-125,4,0,30,4,16,2,16.44,302.4
employee_026,2025-02-08,Person 25,PC-125,4,0,26,2,16,1,13.45,783.52
employee_026,2025-02-09,Person 25,PC-125,5,0,28,2,16,1,10.78,271.38
employee_026,2025-02-10,Person 25,PC-125,3,0,26,3,15,1,12.24,297.92
employee_026,2025-02-11,Person 25,PC-125,4,1,27,2,16,1,12.19,266.12
employee_026,2025-02-12,Person 25,PC-125,4,0,27,4,17,1,16.84,271.33
employee_026,2025-02-13,Person 25,PC-125,3,0,29,3,13,1,13.02,270.39
employee_026,2025-02-14,Person 25,PC-125,4,0,30,3,14,1,10.29,315.15
employee_026,2025-02-15,Person 25,PC-125,3,0,24,3,16,1,13.62,291.38
employee_026,2025-02-16,Person 25,PC-125,5,0,30,1,15,1,11.44,300.22
employee_026,2025-02-17,Person 25,PC-125,4,0,31,3,18,2,11.01,273.53
employee_026,2025-02-18,Person 25,PC-125,4,0,32,3,15,1,15.05,282.53
employee_026,2025-02-19,Person 25,PC-125,5,1,29,3,16,1,9.77,347.45
employee_027,2025-01-06,Person 26,PC-126,3,0,53,0,38,5,17.58,134.51
employee_027,2025-01-07,Person 26,PC-126,5,0,55,0,26,4,14.68,163.6
employee_027,2025-01-08,Person 26,PC-126,3,1,57,0,37,4,16.49,143.03
employee_027,2025-01-09,Person 26,PC-126,3,0,41,0,25,4,15.41,159.98
employee_027,2025-01-10,Person 26,PC-126,3,0,60,0,34,2,20.4,165.22
employee_027,2025-01-11,Person 26,PC-126,5,0,55,0,28,4,17.43,188.48
employee_027,2025-01-12,Person 26,PC-126,2,0,49,0,31,4,14.3,148.39
employee_027,2025-01-13,Person 26,PC-126,3,0,51,0,31,3,14.46,173.88
employee_027,2025-01-14,Person 26,PC-126,4,0,62,0,26,4,14.03,121.38
employee_027,2025-01-15,Person 26,PC-126,3,0,57,0,34,4,12.59,173.59
employee_027,2025-01-16,Person 26,PC-126,2,0,51,0,31,4,19.81,139.18
employee_027,2025-01-17,Person 26,PC-126,5,0,53,0,25,5,18.9,141.7
employee_027,2025-01-18,Person 26,PC-126,2,0,53,0,35,4,13.48,155.08
employee_027,2025-01-19,Person 26,PC-126,3,1,49,0,35,4,13.93,144.02
employee_027,2025-01-20,Person 26,PC-126,3,0,46,0,35,5,13.85,166.1
employee_027,2025-01-21,Person 26,PC-126,2,1,72,0,30,4,13.76,156.82
employee_027,2025-01-22,Person 26,PC-126,2,0,65,0,34,3,16.99,157.16
employee_027,2025-01-23,Person 26,PC-126,3,0,41,0,29,5,16.3,159.17
employee_027,2025-01-24,Person 26,PC-126,4,1,49,0,28,5,17.52,170.2
employee_027,2025-01-25,Person 26,PC-126,9,0,53,0,27,5,16.57,186.7
employee_027,2025-01-26,Person 26,PC-126,4,0,56,0,38,4,13.94,133.82
employee_027,2025-01-27,Person 26,PC-126,3,0,55,0,32,3,15.23,185.04
employee_027,2025-01-28,Person 26,PC-126,3,0,50,0,25,4,17.27,169.93
employee_027,2025-01-29,Person 26,PC-126,3,0,60,0,35,4,17.24,128.19
employee_027,2025-01-30,Person 26,PC-126,3,0,52,0,30,4,14.48,186.11
employee_027,2025-01-31,Person 26,PC-126,3,0,64,0,36,5,16.73,183.93
employee_027,2025-02-01,Person 26,PC-126,3,1,57,0,31,5,18.07,185.16
employee_027,2025-02-02,Person 26,PC-126,3,0,57,0,26,5,17.32,172.4
employee_027,2025-02-03,Person 26,PC-126,3,0,49,0,25,6,19.0,130.89
employee_027,2025-02-04,Person 26,PC-126,2,0,52,0,32,4,12.19,158.82
employee_027,2025-02-05,Person 26,PC-126,3,0,53,0,35,3,14.21,157.98
employee_027,2025-02-06,Person 26,PC-126,3,0,56,0,38,4,16.73,188.39
employee_027,2025-02-07,Person 26,PC-126,3,0,57,0,31,5,16.94,189.59
employee_027,2025-02-08,Person 26,PC-126,3,1,49,0,22,4,15.28,181.83
employee_027,2025-02-09,Person 26,PC-126,3,0,54,0,26,4,20.86,149.58
employee_027,2025-02-10,Person 26,PC-126,3,0,54,0,30,4,10.76,158.22
employee_027,2025-02-11,Person 26,PC-126,3,0,58,0,29,4,13.97,159.24
employee_027,2025-02-12,Person 26,PC-126,3,0,46,0,33,5,14.77,147.45
employee_027,2025-02-13,Person 26,PC-126,3,1,43,0,33,4,13.85,154.0
employee_027,2025-02-14,Person 26,PC-126,3,0,59,0,37,5,12.62,163.57
employee_027,2025-02-15,Person 26,PC-126,3,0,58,0,36,4,17.43,155.02
employee_027,2025-02-16,Person 26,PC-126,3,0,50,0,29,5,14.25,147.61
employee_027,2025-02-17,Person 26,PC-126,3,0,61,0,33,4,16.94,157.61
employee_027,2025-02-18,Person 26,PC-126,4,0,60,0,39,4,12.07,177.72
employee_027,2025-02-19,Person 26,PC-126,3,0,52,1,25,5,15.27,128.98
employee_028,2025-01-06,Person 27,PC-127,2,0,44,1,28,3,22.86,185.33
employee_028,2025-01-07,Person 27,PC-127,3,0,33,1,28,3,24.44,178.62
employee_028,2025-01-08,Person 27,PC-127,4,0,44,1,24,4,28.09,251.94
employee_028,2025-01-09,Person 27,PC-127,3,0,41,2,46,2,21.43,203.83
employee_028,2025-01-10,Person 27,PC-127,3,0,45,2,34,3,24.34,246.65
employee_028,2025-01-11,Person 27,PC-127,3,0,53,2,33,2,29.83,209.45
employee_028,2025-01-12,Person 27,PC-127,2,0,31,2,34,3,21.71,220.78
employee_028,2025-01-13,Person 27,PC-127,3,0,52,1,27,3,20.47,221.48
employee_028,2025-01-14,Person 27,PC-127,2,0,45,1,31,3,28.26,205.21
employee_028,2025-01-15,Person 27,PC-127,3,0,40,1,26,3,19.1,216.37
employee_028,2025-01-16,Person 27,PC-127,4,1,44,2,32,3,24.63,231.29
employee_028,2025-01-17,Person 27,PC-127,3,0,50,2,34,3,28.25,246.58
employee_028,2025-01-18,Person 27,PC-127,4,0,49,2,33,2,15.72,228.31
employee_028,2025-01-19,Person 27,PC-127,4,0,44,1,38,4,23.46,193.54
employee_028,2025-01-20,Person 27,PC-127,4,0,44,1,27,3,29.18,250.9
employee_028,2025-01-21,Person 27,PC-127,3,0,49,2,32,3,27.73,207.4
employee_028,2025-01-22,Person 27,PC-127,3,0,54,1,28,3,30.0,228.2
employee_028,2025-01-23,Person 27,PC-127,3,0,48,2,28,2,27.97,199.67
employee_028,2025-01-24,Person 27,PC-127,3,0,50,1,26,3,24.02,205.22
employee_028,2025-01-25,Person 27,PC-127,3,0,50,1,31,2,28.16,212.01
employee_028,2025-01-26,Person 27,PC-127,4,1,48,2,28,3,25.1,259.78
employee_028,2025-01-27,Person 27,PC-127,3,0,52,2,30,3,25.29,210.83
employee_028,2025-01-28,Person 27,PC-127,3,0,56,1,25,3,25.6,227.98
employee_028,2025-01-29,Person 27,PC-127,3,1,58,3,23,4,47.56,204.44
employee_028,2025-01-30,Person 27,PC-127,2,0,76,3,22,5,73.86,164.09
employee_028,2025-01-31,Person 27,PC-127,3,0,93,5,33,5,88.28,213.27
employee_028,2025-02-01,Person 27,PC-127,4,1,203,5,33,10,119.56,257.77
employee_028,2025-02-02,Person 27,PC-127,4,1,94,8,60,14,163.05,203.33
employee_028,2025-02-03,Person 27,PC-127,3,0,114,11,28,10,206.49,211.09
employee_028,2025-02-04,Person 27,PC-127,4,0,138,11,27,14,210.89,163.43
employee_028,2025-02-05,Person 27,PC-127,4,0,138,11,26,18,214.24,196.94
employee_028,2025-02-06,Person 27,PC-127,4,0,149,12,29,18,265.6,230.41
employee_028,2025-02-07,Person 27,PC-127,3,0,110,15,24,15,181.34,238.7
employee_028,2025-02-08,Person 27,PC-127,3,4,130,8,32,22,286.55,223.43
employee_028,2025-02-09,Person 27,PC-127,2,5,158,13,29,15,735.55,229.82
employee_028,2025-02-10,Person 27,PC-127,5,0,159,14,30,17,287.14,225.67
employee_028,2025-02-11,Person 27,PC-127,3,4,144,12,36,21,226.95,235.03
employee_028,2025-02-12,Person 27,PC-127,4,0,137,15,25,17,269.09,248.52
employee_028,2025-02-13,Person 27,PC-127,5,0,146,7,27,11,204.18,239.29
employee_028,2025-02-14,Person 27,PC-127,3,4,115,10,34,16,218.25,199.69
employee_028,2025-02-15,Person 27,PC-127,2,0,180,15,29,36,256.54,178.63
employee_028,2025-02-16,Person 27,PC-127,3,2,116,7,28,25,255.45,193.16
employee_028,2025-02-17,Person 27,PC-127,3,0,170,15,30,22,156.08,254.81
employee_028,2025-02-18,Person 27,PC-127,6,4,154,13,25,17,244.03,240.33
employee_028,2025-02-19,Person 27,PC-127,2,1,144,17,36,13,230.98,188.75
employee_029,2025-01-06,Person 28,PC-128,2,0,59,2,31,3,29.03,210.98
employee_029,2025-01-07,Person 28,PC-128,3,0,54,3,31,5,28.24,239.11
employee_029,2025-01-08,Person 28,PC-128,3,0,51,2,32,3,31.32,239.01
employee_029,2025-01-09,Person 28,PC-128,3,0,56,2,28,4,26.09,222.35
employee_029,2025-01-10,Person 28,PC-128,3,0,56,3,27,4,58.5,214.05
employee_029,2025-01-11,Person 28,PC-128,4,0,53,2,28,4,27.74,192.85
employee_029,2025-01-12,Person 28,PC-128,3,0,59,2,25,4,23.3,194.38
employee_029,2025-01-13,Person 28,PC-128,4,0,62,2,30,5,63.27,221.83
employee_029,2025-01-14,Person 28,PC-128,2,0,61,3,27,4,29.12,182.06
employee_029,2025-01-15,Person 28,PC-128,3,0,55,2,28,4,30.82,213.41
employee_029,2025-01-16,Person 28,PC-128,2,0,57,2,33,4,34.29,186.7
employee_029,2025-01-17,Person 28,PC-128,2,0,53,2,30,5,28.32,220.63
employee_029,2025-01-18,Person 28,PC-128,3,0,65,2,28,5,26.54,226.35
employee_029,2025-01-19,Person 28,PC-128,3,0,58,2,21,5,28.94,220.12
employee_029,2025-01-20,Person 28,PC-128,3,0,54,2,29,5,35.31,191.43
employee_029,2025-01-21,Person 28,PC-128,3,0,42,3,28,3,30.96,235.14
employee_029,2025-01-22,Person 28,PC-128,3,0,56,3,26,5,30.27,216.45
employee_029,2025-01-23,Person 28,PC-128,3,0,50,1,31,5,26.0,199.19
employee_029,2025-01-24,Person 28,PC-128,4,0,54,2,31,5,31.99,245.84
employee_029,2025-01-25,Person 28,PC-128,4,0,51,2,28,5,33.13,203.76
employee_029,2025-01-26,Person 28,PC-128,4,0,63,3,19,4,25.73,244.21
employee_029,2025-01-27,Person 28,PC-128,3,0,59,2,22,4,29.67,279.31
employee_029,2025-01-28,Person 28,PC-128,3,0,49,2,25,6,24.58,211.16
employee_029,2025-01-29,Person 28,PC-128,3,1,56,3,34,5,27.19,207.26
employee_029,2025-01-30,Person 28,PC-128,4,0,63,3,31,3,31.66,224.6
employee_029,2025-01-31,Person 28,PC-128,2,0,52,2,28,4,30.48,208.7
employee_029,2025-02-01,Person 28,PC-128,2,0,59,3,26,3,22.03,205.05
employee_029,2025-02-02,Person 28,PC-128,2,0,63,2,24,5,31.63,208.33
employee_029,2025-02-03,Person 28,PC-128,3,0,55,4,30,9,23.24,219.8
employee_029,2025-02-04,Person 28,PC-128,3,0,59,1,58,5,26.22,231.11
employee_029,2025-02-05,Person 28,PC-128,3,0,54,2,22,4,30.97,421.28
employee_029,2025-02-06,Person 28,PC-128,3,0,65,2,28,5,23.48,220.99
employee_029,2025-02-07,Person 28,PC-128,3,0,60,3,26,4,32.99,204.8
employee_029,2025-02-08,Person 28,PC-128,2,0,56,2,22,4,27.48,245.53
employee_029,2025-02-09,Person 28,PC-128,3,0,56,3,30,5,29.38,200.25
employee_029,2025-02-10,Person 28,PC-128,3,0,55,2,26,4,26.57,183.73
employee_029,2025-02-11,Person 28,PC-128,4,0,55,3,26,4,28.87,218.32
employee_029,2025-02-12,Person 28,PC-128,3,0,55,3,28,3,24.74,196.07
employee_029,2025-02-13,Person 28,PC-128,2,0,58,2,21,5,29.08,226.66
employee_029,2025-02-14,Person 28,PC-128,3,0,42,3,29,5,26.01,160.87
employee_029,2025-02-15,Person 28,PC-128,5,0,55,2,25,5,30.97,216.3
employee_029,2025-02-16,Person 28,PC-128,2,0,63,2,33,4,30.73,198.65
employee_029,2025-02-17,Person 28,PC-128,3,0,63,2,24,4,25.68,147.99
employee_029,2025-02-18,Person 28,PC-128,3,0,36,2,27,3,31.12,146.11
employee_029,2025-02-19,Person 28,PC-128,3,0,48,2,35,6,27.27,231.55
employee_030,2025-01-06,Person 29,PC-129,2,0,50,3,20,4,26.23,209.16
employee_030,2025-01-07,Person 29,PC-129,3,0,44,2,22,4,24.62,302.36
employee_030,2025-01-08,Person 29,PC-129,2,0,53,2,21,4,27.25,170.67
employee_030,2025-01-09,Person 29,PC-129,3,0,47,2,25,5,30.98,144.56
employee_030,2025-01-10,Person 29,PC-129,3,0,40,2,23,6,24.25,143.56
employee_030,2025-01-11,Person 29,PC-129,6,0,60,2,22,5,30.18,183.09
employee_030,2025-01-12,Person 29,PC-129,2,0,54,2,24,5,26.85,156.33
employee_030,2025-01-13,Person 29,PC-129,3,0,40,2,25,4,26.22,167.96
employee_030,2025-01-14,Person 29,PC-129,3,0,47,2,23,5,28.04,168.72
employee_030,2025-01-15,Person 29,PC-129,3,0,47,2,23,5,27.66,163.94
employee_030,2025-01-16,Person 29,PC-129,3,0,47,2,25,4,27.22,140.26
employee_030,2025-01-17,Person 29,PC-129,4,0,53,2,22,4,28.67,151.48
employee_030,2025-01-18,Person 29,PC-129,2,0,45,2,23,5,31.22,199.47
employee_030,2025-01-19,Person 29,PC-129,3,0,51,2,23,5,30.91,159.96
employee_030,2025-01-20,Person 29,PC-129,3,0,46,2,23,4,31.52,159.75
employee_030,2025-01-21,Person 29,PC-129,4,0,43,2,22,4,29.09,182.21
employee_030,2025-01-22,Person 29,PC-129,3,1,59,2,23,4,29.13,205.25
employee_030,2025-01-23,Person 29,PC-129,2,0,48,1,21,5,30.95,173.42
employee_030,2025-01-24,Person 29,PC-129,3,0,42,1,23,4,29.18,170.98
employee_030,2025-01-25,Person 29,PC-129,2,0,50,2,25,4,34.23,157.31
employee_030,2025-01-26,Person 29,PC-129,3,0,40,2,23,4,31.61,156.34
employee_030,2025-01-27,Person 29,PC-129,3,0,33,2,28,4,26.99,225.54
employee_030,2025-01-28,Person 29,PC-129,3,0,47,4,26,3,27.56,141.77
employee_030,2025-01-29,Person 29,PC-129,2,0,56,2,23,4,27.08,181.8
employee_030,2025-01-30,Person 29,PC-129,3,0,48,2,25,4,27.25,177.9
employee_030,2025-01-31,Person 29,PC-129,2,0,42,2,23,5,33.01,144.89
employee_030,2025-02-01,Person 29,PC-129,3,0,53,2,20,3,26.8,201.49
employee_030,2025-02-02,Person 29,PC-129,3,0,59,2,18,4,28.0,323.27
employee_030,2025-02-03,Person 29,PC-129,3,0,55,3,23,4,26.49,144.38
employee_030,2025-02-04,Person 29,PC-129,2,0,48,2,23,6,29.55,174.41
employee_030,2025-02-05,Person 29,PC-129,3,0,81,2,27,3,32.08,147.91
employee_030,2025-02-06,Person 29,PC-129,3,0,50,2,21,5,29.19,142.79
employee_030,2025-02-07,Person 29,PC-129,3,0,48,2,22,5,25.84,177.11
employee_030,2025-02-08,Person 29,PC-129,3,0,48,2,24,4,19.23,216.33
employee_030,2025-02-09,Person 29,PC-129,3,0,44,2,25,4,29.66,156.8
employee_030,2025-02-10,Person 29,PC-129,2,0,44,1,24,4,24.72,152.35
employee_030,2025-02-11,Person 29,PC-129,4,0,52,2,21,5,30.87,188.05
employee_030,2025-02-12,Person 29,PC-129,4,0,45,2,22,4,29.16,183.48
employee_030,2025-02-13,Person 29,PC-129,3,0,55,1,23,5,23.83,188.71
employee_030,2025-02-14,Person 29,PC-129,2,0,48,3,24,5,29.36,154.7
employee_030,2025-02-15,Person 29,PC-129,3,0,46,2,22,5,33.9,207.3
employee_030,2025-02-16,Person 29,PC-129,3,0,58,2,23,4,24.24,192.33
employee_030,2025-02-17,Person 29,PC-129,3,0,56,2,20,5,23.82,342.37
employee_030,2025-02-18,Person 29,PC-129,3,0,58,2,25,4,30.73,157.56
employee_030,2025-02-19,Person 29,PC-129,2,0,55,2,25,4,31.37,159.27
employee_031,2025-01-06,Person 30,PC-130,2,0,46,1,31,1,15.39,223.53
employee_031,2025-01-07,Person 30,PC-130,3,0,66,1,25,1,14.17,243.9
employee_031,2025-01-08,Person 30,PC-130,3,0,66,1,28,1,14.86,280.96
employee_031,2025-01-09,Person 30,PC-130,2,0,47,2,25,1,15.58,230.22
employee_031,2025-01-10,Person 30,PC-130,2,0,51,2,24,1,17.99,268.91
employee_031,2025-01-11,Person 30,PC-130,3,0,59,1,22,1,17.05,225.84
employee_031,2025-01-12,Person 30,PC-130,2,0,60,1,29,1,16.35,266.72
employee_031,2025-01-13,Person 30,PC-130,2,0,124,1,21,2,20.79,251.06
employee_031,2025-01-14,Person 30,PC-130,2,0,69,2,26,1,15.88,233.37
employee_031,2025-01-15,Person 30,PC-130,2,1,57,1,26,1,17.11,215.19
employee_031,2025-01-16,Person 30,PC-130,1,0,45,1,19,1,19.71,244.92
employee_031,2025-01-17,Person 30,PC-130,2,0,54,1,28,1,15.56,147.94
employee_031,2025-01-18,Person 30,PC-130,3,0,60,1,28,1,17.92,229.84
employee_031,2025-01-19,Person 30,PC-130,3,0,63,2,24,1,16.45,222.75
employee_031,2025-01-20,Person 30,PC-130,3,0,62,1,23,1,18.98,189.67
employee_031,2025-01-21,Person 30,PC-130,3,0,45,2,31,2,17.94,265.39
employee_031,2025-01-22,Person 30,PC-130,2,0,52,2,24,1,15.41,255.5
employee_031,2025-01-23,Person 30,PC-130,2,1,74,1,32,2,15.72,175.71
employee_031,2025-01-24,Person 30,PC-130,2,1,51,1,27,1,17.91,268.21
employee_031,2025-01-25,Person 30,PC-130,2,0,56,1,26,2,16.09,244.2
employee_031,2025-01-26,Person 30,PC-130,2,0,73,2,25,2,14.87,247.03
employee_031,2025-01-27,Person 30,PC-130,2,0,67,2,25,1,18.4,212.22
employee_031,2025-01-28,Person 30,PC-130,2,0,67,2,24,1,14.22,180.37
employee_031,2025-01-29,Person 30,PC-130,2,1,58,2,27,2,17.6,238.16
employee_031,2025-01-30,Person 30,PC-130,2,0,46,1,26,1,15.22,302.72
employee_031,2025-01-31,Person 30,PC-130,2,0,49,1,25,1,16.79,293.83
employee_031,2025-02-01,Person 30,PC-130,3,0,55,1,25,2,16.0,244.21
employee_031,2025-02-02,Person 30,PC-130,3,0,64,2,17,2,20.56,269.81
employee_031,2025-02-03,Person 30,PC-130,1,0,96,1,27,2,16.45,210.49
employee_031,2025-02-04,Person 30,PC-130,3,0,49,1,31,1,15.87,225.86
employee_031,2025-02-05,Person 30,PC-130,3,0,61,1,24,1,14.77,220.45
employee_031,2025-02-06,Person 30,PC-130,2,0,54,1,19,1,13.89,212.21
employee_031,2025-02-07,Person 30,PC-130,2,1,66,1,25,2,18.06,219.38
employee_031,2025-02-08,Person 30,PC-130,3,0,45,1,29,1,17.61,210.29
employee_031,2025-02-09,Person 30,PC-130,2,0,70,1,26,2,15.48,270.22
employee_031,2025-02-10,Person 30,PC-130,2,0,58,1,25,1,19.68,261.21
employee_031,2025-02-11,Person 30,PC-130,3,0,43,1,31,1,16.68,252.26
employee_031,2025-02-12,Person 30,PC-130,3,0,62,1,22,2,20.7,202.05
employee_031,2025-02-13,Person 30,PC-130,2,0,58,1,19,2,14.82,243.71
employee_031,2025-02-14,Person 30,PC-130,2,0,58,1,26,1,14.98,197.13
employee_031,2025-02-15,Person 30,PC-130,2,0,61,1,25,1,15.51,280.49
employee_031,2025-02-16,Person 30,PC-130,3,0,57,2,24,2,19.7,186.14
employee_031,2025-02-17,Person 30,PC-130,1,0,53,1,23,1,17.59,240.75
employee_031,2025-02-18,Person 30,PC-130,2,0,61,1,23,2,16.06,237.86
employee_031,2025-02-19,Person 30,PC-130,2,0,78,1,33,2,17.01,287.36
employee_032,2025-01-06,Person 31,PC-131,2,0,48,3,26,2,6.58,229.75
employee_032,2025-01-07,Person 31,PC-131,3,0,59,2,30,1,6.13,236.73
employee_032,2025-01-08,Person 31,PC-131,3,0,63,3,32,1,7.05,181.09
employee_032,2025-01-09,Person 31,PC-131,3,0,43,3,29,1,5.07,272.8
employee_032,2025-01-10,Person 31,PC-131,3,0,46,2,29,2,6.57,230.7
employee_032,2025-01-11,Person 31,PC-131,3,0,58,3,29,2,6.54,259.73
employee_032,2025-01-12,Person 31,PC-131,3,0,56,2,25,2,4.91,225.52
employee_032,2025-01-13,Person 31,PC-131,3,0,51,2,23,2,5.94,208.93
employee_032,2025-01-14,Person 31,PC-131,3,0,57,2,29,2,5.04,251.86
employee_032,2025-01-15,Person 31,PC-131,3,0,55,3,27,2,8.91,227.6
employee_032,2025-01-16,Person 31,PC-131,2,0,57,2,28,2,6.69,273.93
employee_032,2025-01-17,Person 31,PC-131,3,0,55,3,32,1,13.23,274.9
employee_032,2025-01-18,Person 31,PC-131,3,0,62,2,36,2,4.61,308.05
employee_032,2025-01-19,Person 31,PC-131,2,0,59,3,25,2,6.12,267.4
employee_032,2025-01-20,Person 31,PC-131,2,0,53,3,25,2,6.82,241.56
employee_032,2025-01-21,Person 31,PC-131,2,0,57,3,24,2,7.34,255.82
employee_032,2025-01-22,Person 31,PC-131,3,0,47,3,36,2,6.05,385.09
employee_032,2025-01-23,Person 31,PC-131,3,0,58,3,28,1,6.4,247.06
employee_032,2025-01-24,Person 31,PC-131,3,0,61,3,28,2,5.33,247.1
employee_032,2025-01-25,Person 31,PC-131,3,0,54,3,24,1,8.44,242.81
employee_032,2025-01-26,Person 31,PC-131,3,0,53,3,33,2,5.6,243.93
employee_032,2025-01-27,Person 31,PC-131,3,0,47,3,34,2,7.08,235.96
employee_032,2025-01-28,Person 31,PC-131,3,0,56,3,22,1,6.38,236.14
employee_032,2025-01-29,Person 31,PC-131,3,0,52,2,32,3,9.38,242.09
employee_032,2025-01-30,Person 31,PC-131,3,0,52,2,31,1,7.48,208.37
employee_032,2025-01-31,Person 31,PC-131,3,0,53,3,31,1,7.01,284.27
employee_032,2025-02-01,Person 31,PC-131,2,0,57,3,35,1,6.69,205.78
employee_032,2025-02-02,Person 31,PC-131,3,0,55,4,27,2,7.75,261.55
employee_032,2025-02-03,Person 31,PC-131,3,0,61,2,32,1,6.82,231.78
employee_032,2025-02-04,Person 31,PC-131,3,0,56,3,32,2,8.39,213.53
employee_032,2025-02-05,Person 31,PC-131,4,0,60,3,33,1,6.15,259.49
employee_032,2025-02-06,Person 31,PC-131,3,0,53,1,26,1,6.33,215.73
employee_032,2025-02-07,Person 31,PC-131,3,0,56,2,28,1,6.02,178.29
employee_032,2025-02-08,Person 31,PC-131,4,0,65,2,55,1,7.56,218.29
employee_032,2025-02-09,Person 31,PC-131,3,0,44,2,31,1,5.24,269.43
employee_032,2025-02-10,Person 31,PC-131,4,0,41,3,29,2,4.91,239.12
employee_032,2025-02-11,Person 31,PC-131,3,0,46,2,22,1,7.29,214.05
employee_032,2025-02-12,Person 31,PC-131,3,0,69,2,30,1,6.14,271.95
employee_032,2025-02-13,Person 31,PC-131,2,0,64,2,36,2,6.86,442.81
employee_032,2025-02-14,Person 31,PC-131,2,0,62,3,27,2,5.87,282.56
employee_032,2025-02-15,Person 31,PC-131,4,0,43,1,25,1,5.76,283.46
employee_032,2025-02-16,Person 31,PC-131,2,0,58,3,27,1,5.47,245.07
employee_032,2025-02-17,Person 31,PC-131,3,0,59,2,31,1,6.68,233.45
employee_032,2025-02-18,Person 31,PC-131,3,0,62,4,30,1,7.51,275.83
employee_032,2025-02-19,Person 31,PC-131,3,0,47,3,19,2,5.87,294.04
employee_033,2025-01-06,Person 32,PC-132,3,0,29,3,18,6,26.67,115.85
employee_033,2025-01-07,Person 32,PC-132,5,0,35,3,14,6,26.66,138.82
employee_033,2025-01-08,Person 32,PC-132,3,0,32,2,20,6,25.78,118.45
employee_033,2025-01-09,Person 32,PC-132,4,0,35,2,17,5,21.71,124.36
employee_033,2025-01-10,Person 32,PC-132,4,0,30,2,21,7,26.5,150.9
employee_033,2025-01-11,Person 32,PC-132,4,0,37,3,19,5,22.71,106.32
employee_033,2025-01-12,Person 32,PC-132,5,0,38,2,14,6,19.06,132.14
employee_033,2025-01-13,Person 32,PC-132,4,0,37,4,21,3,14.98,143.88
employee_033,2025-01-14,Person 32,PC-132,4,0,29,3,22,7,25.0,115.72
employee_033,2025-01-15,Person 32,PC-132,4,0,37,3,20,6,24.74,107.16
employee_033,2025-01-16,Person 32,PC-132,4,0,36,3,17,7,22.85,128.45
employee_033,2025-01-17,Person 32,PC-132,4,0,33,3,22,6,24.51,112.69
employee_033,2025-01-18,Person 32,PC-132,3,0,35,3,16,5,26.26,133.14
employee_033,2025-01-19,Person 32,PC-132,2,0,24,2,17,5,25.01,124.45
employee_033,2025-01-20,Person 32,PC-132,4,0,36,2,18,7,19.36,114.85
employee_033,2025-01-21,Person 32,PC-132,5,0,35,2,16,5,17.17,142.19
employee_033,2025-01-22,Person 32,PC-132,4,0,57,3,19,5,24.06,132.39
employee_033,2025-01-23,Person 32,PC-132,4,0,32,2,19,6,24.86,158.09
employee_033,2025-01-24,Person 32,PC-132,4,0,30,3,19,6,21.84,279.81
employee_033,2025-01-25,Person 32,PC-132,3,0,36,2,15,6,22.92,116.1
employee_033,2025-01-26,Person 32,PC-132,3,0,35,4,15,5,19.34,129.57
employee_033,2025-01-27,Person 32,PC-132,3,0,32,3,18,6,21.84,127.02
employee_033,2025-01-28,Person 32,PC-132,4,0,36,2,15,6,24.04,160.37
employee_033,2025-01-29,Person 32,PC-132,4,0,32,2,18,4,18.34,116.45
employee_033,2025-01-30,Person 32,PC-132,5,0,33,2,16,5,19.96,118.24
employee_033,2025-01-31,Person 32,PC-132,4,0,30,6,13,6,24.23,133.22
employee_033,2025-02-01,Person 32,PC-132,4,0,31,2,16,6,19.96,107.77
employee_033,2025-02-02,Person 32,PC-132,4,0,37,2,17,7,18.72,124.46
employee_033,2025-02-03,Person 32,PC-132,3,1,40,3,36,6,15.53,149.64
employee_033,2025-02-04,Person 32,PC-132,5,0,35,2,15,6,26.85,124.23
employee_033,2025-02-05,Person 32,PC-132,5,0,36,2,19,5,23.55,123.96
employee_033,2025-02-06,Person 32,PC-132,3,0,42,3,16,7,24.56,111.8
employee_033,2025-02-07,Person 32,PC-132,4,0,32,3,18,6,19.9,108.73
employee_033,2025-02-08,Person 32,PC-132,4,0,32,3,15,6,19.13,151.52
employee_033,2025-02-09,Person 32,PC-132,5,0,29,3,16,6,26.4,109.26
employee_033,2025-02-10,Person 32,PC-132,4,0,34,3,18,4,22.64,137.63
employee_033,2025-02-11,Person 32,PC-132,4,0,32,2,17,5,23.51,126.46
employee_033,2025-02-12,Person 32,PC-132,4,0,34,2,17,6,13.86,125.04
employee_033,2025-02-13,Person 32,PC-132,4,0,33,3,17,4,26.14,101.96
employee_033,2025-02-14,Person 32,PC-132,5,0,42,2,20,6,26.87,114.04
employee_033,2025-02-15,Person 32,PC-132,2,0,36,3,19,5,23.95,111.35
employee_033,2025-02-16,Person 32,PC-132,4,0,25,3,17,5,23.11,115.25
employee_033,2025-02-17,Person 32,PC-132,4,0,37,3,16,6,22.96,123.31
employee_033,2025-02-18,Person 32,PC-132,3,0,27,3,36,6,21.14,115.11
employee_033,2025-02-19,Person 32,PC-132,4,0,35,2,22,5,24.9,123.71
employee_034,2025-01-06,Person 33,PC-133,4,0,34,2,25,2,28.36,313.32
employee_034,2025-01-07,Person 33,PC-133,4,1,29,1,24,3,24.61,312.86
employee_034,2025-01-08,Person 33,PC-133,4,0,32,1,26,3,21.27,240.23
employee_034,2025-01-09,Person 33,PC-133,5,0,23,1,30,3,20.84,271.1
employee_034,2025-01-10,Person 33,PC-133,5,0,25,1,27,3,25.95,260.68
employee_034,2025-01-11,Person 33,PC-133,4,0,32,1,25,4,29.72,317.81
employee_034,2025-01-12,Person 33,PC-133,5,0,31,2,26,2,28.04,260.75
employee_034,2025-01-13,Person 33,PC-133,5,0,24,1,25,2,22.53,281.56
employee_034,2025-01-14,Person 33,PC-133,5,0,47,2,26,2,21.65,344.71
employee_034,2025-01-15,Person 33,PC-133,5,0,27,1,23,3,24.93,310.8
employee_034,2025-01-16,Person 33,PC-133,6,0,26,1,32,2,27.62,298.81
employee_034,2025-01-17,Person 33,PC-133,5,0,29,2,21,2,28.01,286.36
employee_034,2025-01-18,Person 33,PC-133,5,0,25,2,28,2,25.85,329.85
employee_034,2025-01-19,Person 33,PC-133,5,0,22,2,25,2,26.39,298.32
employee_034,2025-01-20,Person 33,PC-133,5,0,31,2,48,3,29.21,314.7
employee_034,2025-01-21,Person 33,PC-133,4,0,29,2,26,3,27.55,214.73
employee_034,2025-01-22,Person 33,PC-133,6,0,24,1,26,2,24.71,331.23
employee_034,2025-01-23,Person 33,PC-133,5,0,28,2,28,3,22.88,328.33
employee_034,2025-01-24,Person 33,PC-133,5,0,25,1,22,3,24.85,465.69
employee_034,2025-01-25,Person 33,PC-133,4,0,29,2,22,2,18.4,281.64
employee_034,2025-01-26,Person 33,PC-133,5,0,26,2,27,3,20.28,264.4
employee_034,2025-01-27,Person 33,PC-133,5,0,26,2,23,2,20.87,316.09
employee_034,2025-01-28,Person 33,PC-133,4,0,31,1,24,3,21.75,296.93
employee_034,2025-01-29,Person 33,PC-133,5,0,26,1,19,3,19.66,272.33
employee_034,2025-01-30,Person 33,PC-133,5,0,31,2,28,1,20.83,346.06
employee_034,2025-01-31,Person 33,PC-133,5,0,35,2,24,2,25.89,251.56
employee_034,2025-02-01,Person 33,PC-133,5,0,23,2,47,3,22.48,307.79
employee_034,2025-02-02,Person 33,PC-133,6,0,26,2,19,2,22.09,299.87
employee_034,2025-02-03,Person 33,PC-133,5,0,33,1,21,2,23.41,249.99
employee_034,2025-02-04,Person 33,PC-133,4,0,26,1,24,4,22.36,472.03
employee_034,2025-02-05,Person 33,PC-133,5,0,30,2,26,1,22.9,269.24
employee_034,2025-02-06,Person 33,PC-133,4,0,30,2,23,1,27.73,257.19
employee_034,2025-02-07,Person 33,PC-133,5,0,22,2,23,3,22.43,258.1
employee_034,2025-02-08,Person 33,PC-133,4,0,31,1,23,1,23.63,300.49
employee_034,2025-02-09,Person 33,PC-133,5,0,29,1,28,1,22.88,282.68
employee_034,2025-02-10,Person 33,PC-133,5,0,28,2,25,2,22.74,320.44
employee_034,2025-02-11,Person 33,PC-133,5,0,28,1,26,2,20.39,295.32
employee_034,2025-02-12,Person 33,PC-133,3,0,34,2,18,2,23.96,205.64
employee_034,2025-02-13,Person 33,PC-133,4,0,26,2,23,2,23.8,255.84
employee_034,2025-02-14,Person 33,PC-133,4,0,30,1,28,2,22.56,289.18
employee_034,2025-02-15,Person 33,PC-133,4,0,26,2,25,2,24.09,337.72
employee_034,2025-02-16,Person 33,PC-133,6,0,32,2,22,2,27.0,324.93
employee_034,2025-02-17,Person 33,PC-133,5,0,29,1,20,2,26.19,255.43
employee_034,2025-02-18,Person 33,PC-133,5,0,24,2,19,2,23.7,332.09
employee_034,2025-02-19,Person 33,PC-133,5,0,27,2,29,2,23.52,335.18
employee_035,2025-01-06,Person 34,PC-134,3,0,26,1,17,4,20.82,157.06
employee_035,2025-01-07,Person 34,PC-134,3,0,23,1,22,4,22.4,180.45
employee_035,2025-01-08,Person 34,PC-134,2,0,32,1,23,4,22.01,143.34
employee_035,2025-01-09,Person 34,PC-134,2,0,30,0,24,4,19.87,144.14
employee_035,2025-01-10,Person 34,PC-134,1,0,28,1,17,4,23.93,146.14
employee_035,2025-01-11,Person 34,PC-134,2,0,30,1,23,4,23.2,126.68
employee_035,2025-01-12,Person 34,PC-134,2,0,31,0,21,5,19.97,144.22
employee_035,2025-01-13,Person 34,PC-134,2,0,30,1,25,5,24.71,162.12
employee_035,2025-01-14,Person 34,PC-134,3,0,28,1,17,3,25.37,152.38
employee_035,2025-01-15,Person 34,PC-134,2,0,26,1,18,5,22.51,182.37
employee_035,2025-01-16,Person 34,PC-134,2,0,26,1,21,4,21.43,138.32
employee_035,2025-01-17,Person 34,PC-134,3,0,33,1,20,3,22.64,147.07
employee_035,2025-01-18,Person 34,PC-134,2,0,34,0,26,5,22.61,153.58
employee_035,2025-01-19,Person 34,PC-134,2,0,25,0,23,4,22.72,161.9
employee_035,2025-01-20,Person 34,PC-134,3,0,29,1,23,5,28.95,112.81
employee_035,2025-01-21,Person 34,PC-134,1,0,34,1,19,4,25.39,172.43
employee_035,2025-01-22,Person 34,PC-134,2,0,38,1,21,3,19.59,142.45
employee_035,2025-01-23,Person 34,PC-134,2,0,35,1,19,4,22.17,161.04
employee_035,2025-01-24,Person 34,PC-134,2,0,27,1,15,5,23.92,156.9
employee_035,2025-01-25,Person 34,PC-134,2,0,35,1,18,5,23.6,132.2
employee_035,2025-01-26,Person 34,PC-134,3,0,35,1,21,4,31.25,134.27
employee_035,2025-01-27,Person 34,PC-134,2,0,28,1,20,4,19.6,155.64
employee_035,2025-01-28,Person 34,PC-134,1,0,32,2,16,4,21.19,103.2
employee_035,2025-01-29,Person 34,PC-134,2,0,28,1,24,5,24.26,136.42
employee_035,2025-01-30,Person 34,PC-134,2,0,30,1,21,5,18.5,148.17
employee_035,2025-01-31,Person 34,PC-134,2,0,30,1,22,5,20.61,168.18
employee_035,2025-02-01,Person 34,PC-134,2,0,32,1,20,4,23.38,203.14
employee_035,2025-02-02,Person 34,PC-134,1,0,24,1,17,3,20.72,144.97
employee_035,2025-02-03,Person 34,PC-134,2,0,37,1,24,4,17.11,158.57
employee_035,2025-02-04,Person 34,PC-134,2,0,31,1,23,4,26.12,168.79
employee_035,2025-02-05,Person 34,PC-134,2,0,27,1,20,4,30.2,167.14
employee_035,2025-02-06,Person 34,PC-134,2,0,34,1,17,5,23.92,146.79
employee_035,2025-02-07,Person 34,PC-134,3,0,31,1,17,4,19.25,158.36
employee_035,2025-02-08,Person 34,PC-134,2,1,32,1,25,7,25.83,158.01
employee_035,2025-02-09,Person 34,PC-134,2,0,30,1,20,5,22.52,163.36
employee_035,2025-02-10,Person 34,PC-134,0,0,31,1,22,4,18.83,147.81
employee_035,2025-02-11,Person 34,PC-134,2,0,31,1,19,5,25.32,147.77
employee_035,2025-02-12,Person 34,PC-134,2,1,32,0,24,7,21.78,157.4
employee_035,2025-02-13,Person 34,PC-134,2,0,30,1,19,5,26.93,165.75
employee_035,2025-02-14,Person 34,PC-134,2,0,27,1,18,4,38.08,176.0
employee_035,2025-02-15,Person 34,PC-134,2,0,37,0,37,5,23.5,168.01
employee_035,2025-02-16,Person 34,PC-134,2,0,28,2,26,5,22.36,136.55
employee_035,2025-02-17,Person 34,PC-134,2,0,28,1,20,4,21.22,159.11
employee_035,2025-02-18,Person 34,PC-134,2,0,30,0,24,4,21.13,166.49
employee_035,2025-02-19,Person 34,PC-134,2,0,32,0,20,3,22.19,145.51
employee_036,2025-01-06,Person 35,PC-135,2,0,57,1,17,5,17.25,247.31
employee_036,2025-01-07,Person 35,PC-135,2,0,52,2,14,4,15.25,275.22
employee_036,2025-01-08,Person 35,PC-135,1,0,60,1,15,3,15.36,263.53
employee_036,2025-01-09,Person 35,PC-135,2,0,48,1,19,3,20.26,231.1
employee_036,2025-01-10,Person 35,PC-135,2,0,55,1,13,3,21.31,214.69
employee_036,2025-01-11,Person 35,PC-135,3,0,56,1,19,3,15.8,220.68
employee_036,2025-01-12,Person 35,PC-135,2,0,51,2,19,3,21.73,294.81
employee_036,2025-01-13,Person 35,PC-135,2,0,48,2,14,3,14.36,289.56
employee_036,2025-01-14,Person 35,PC-135,2,0,51,2,17,3,18.55,226.05
employee_036,2025-01-15,Person 35,PC-135,1,0,54,1,17,3,16.33,258.21
employee_036,2025-01-16,Person 35,PC-135,1,0,57,1,11,3,15.86,263.48
employee_036,2025-01-17,Person 35,PC-135,2,0,63,1,15,3,15.57,250.22
employee_036,2025-01-18,Person 35,PC-135,1,0,62,2,17,3,13.64,215.66
employee_036,2025-01-19,Person 35,PC-135,2,0,53,1,16,3,31.23,260.77
employee_036,2025-01-20,Person 35,PC-135,2,0,57,2,16,3,17.86,260.54
employee_036,2025-01-21,Person 35,PC-135,3,0,59,1,19,3,12.36,251.38
employee_036,2025-01-22,Person 35,PC-135,2,0,59,2,16,4,17.75,222.22
employee_036,2025-01-23,Person 35,PC-135,2,0,55,2,15,3,17.33,266.77
employee_036,2025-01-24,Person 35,PC-135,2,1,54,5,17,4,30.47,245.58
employee_036,2025-01-25,Person 35,PC-135,2,2,80,3,16,8,65.81,263.26
employee_036,2025-01-26,Person 35,PC-135,3,0,97,8,15,10,95.02,263.33
employee_036,2025-01-27,Person 35,PC-135,2,1,115,8,15,11,81.09,257.05
employee_036,2025-01-28,Person 35,PC-135,2,1,119,7,16,18,119.28,239.82
employee_036,2025-01-29,Person 35,PC-135,2,1,160,7,13,19,117.69,226.33
employee_036,2025-01-30,Person 35,PC-135,1,6,218,9,14,18,164.33,257.68
employee_036,2025-01-31,Person 35,PC-135,2,2,156,20,15,14,186.59,311.25
employee_036,2025-02-01,Person 35,PC-135,2,3,136,16,18,21,145.67,301.01
employee_036,2025-02-02,Person 35,PC-135,2,0,161,15,16,23,193.12,271.31
employee_036,2025-02-03,Person 35,PC-135,2,3,148,17,19,23,124.47,280.89
employee_036,2025-02-04,Person 35,PC-135,2,0,121,12,14,19,164.67,227.38
employee_036,2025-02-05,Person 35,PC-135,2,0,175,18,15,22,177.23,237.21
employee_036,2025-02-06,Person 35,PC-135,2,6,154,7,11,11,208.74,253.06
employee_036,2025-02-07,Person 35,PC-135,2,2,182,13,16,19,189.88,267.18
employee_036,2025-02-08,Person 35,PC-135,1,9,146,20,16,20,162.89,277.17
employee_036,2025-02-09,Person 35,PC-135,2,0,155,16,17,16,177.54,290.78
employee_036,2025-02-10,Person 35,PC-135,3,0,158,25,12,20,203.96,230.68
employee_036,2025-02-11,Person 35,PC-135,1,5,140,8,14,10,155.58,268.07
employee_036,2025-02-12,Person 35,PC-135,3,1,145,14,15,14,169.33,244.41
employee_036,2025-02-13,Person 35,PC-135,2,0,126,7,19,19,134.97,269.98
employee_036,2025-02-14,Person 35,PC-135,3,3,143,13,18,18,170.38,319.2
employee_036,2025-02-15,Person 35,PC-135,3,0,183,11,15,17,132.33,265.82
employee_036,2025-02-16,Person 35,PC-135,3,2,168,18,15,23,134.46,217.65
employee_036,2025-02-17,Person 35,PC-135,1,8,170,11,13,12,192.0,228.57
employee_036,2025-02-18,Person 35,PC-135,2,0,167,17,14,16,179.23,258.23
employee_036,2025-02-19,Person 35,PC-135,3,4,149,16,16,21,161.16,278.02
employee_037,2025-01-06,Person 36,PC-136,4,0,54,1,22,2,19.15,144.91
employee_037,2025-01-07,Person 36,PC-136,2,0,50,2,27,2,17.19,201.58
employee_037,2025-01-08,Person 36,PC-136,4,1,55,1,23,2,22.52,187.08
employee_037,2025-01-09,Person 36,PC-136,4,0,54,1,25,2,35.45,205.47
employee_037,2025-01-10,Person 36,PC-136,3,1,48,1,19,2,16.5,185.39
employee_037,2025-01-11,Person 36,PC-136,4,0,58,1,25,2,18.38,168.25
employee_037,2025-01-12,Person 36,PC-136,4,0,47,1,23,3,20.3,187.39
employee_037,2025-01-13,Person 36,PC-136,2,0,44,0,26,1,18.32,165.91
employee_037,2025-01-14,Person 36,PC-136,3,0,69,1,26,2,21.71,173.54
employee_037,2025-01-15,Person 36,PC-136,2,0,45,0,30,2,18.23,191.51
employee_037,2025-01-16,Person 36,PC-136,4,0,62,1,19,2,22.71,191.63
employee_037,2025-01-17,Person 36,PC-136,4,0,60,1,20,3,18.97,199.77
employee_037,2025-01-18,Person 36,PC-136,2,0,51,1,30,2,17.05,183.4
employee_037,2025-01-19,Person 36,PC-136,4,0,67,0,42,2,23.07,176.81
employee_037,2025-01-20,Person 36,PC-136,4,1,47,0,26,1,19.07,118.96
employee_037,2025-01-21,Person 36,PC-136,4,1,49,1,23,2,21.08,172.56
employee_037,2025-01-22,Person 36,PC-136,2,0,59,1,23,2,53.21,193.1
employee_037,2025-01-23,Person 36,PC-136,3,0,54,1,44,2,16.17,203.29
employee_037,2025-01-24,Person 36,PC-136,4,0,54,1,28,2,20.5,199.72
employee_037,2025-01-25,Person 36,PC-136,3,0,56,1,22,2,20.3,364.63
employee_037,2025-01-26,Person 36,PC-136,3,0,62,1,24,2,22.19,186.75
employee_037,2025-01-27,Person 36,PC-136,2,1,57,1,28,2,18.71,198.6
employee_037,2025-01-28,Person 36,PC-136,4,1,56,1,23,2,21.28,204.16
employee_037,2025-01-29,Person 36,PC-136,4,0,52,1,19,3,18.94,161.13
employee_037,2025-01-30,Person 36,PC-136,2,1,56,1,28,2,20.15,209.21
employee_037,2025-01-31,Person 36,PC-136,2,1,63,0,23,2,19.94,208.85
employee_037,2025-02-01,Person 36,PC-136,4,0,44,1,23,1,19.72,213.99
employee_037,2025-02-02,Person 36,PC-136,4,1,62,1,21,1,20.65,179.27
employee_037,2025-02-03,Person 36,PC-136,3,0,45,1,26,2,20.84,186.38
employee_037,2025-02-04,Person 36,PC-136,3,0,53,0,21,3,19.01,204.6
employee_037,2025-02-05,Person 36,PC-136,3,0,63,1,23,2,23.72,194.32
employee_037,2025-02-06,Person 36,PC-136,3,0,54,1,36,1,20.68,151.32
employee_037,2025-02-07,Person 36,PC-136,3,1,51,1,22,1,20.45,158.2
employee_037,2025-02-08,Person 36,PC-136,3,0,46,1,24,2,20.38,221.21
employee_037,2025-02-09,Person 36,PC-136,3,2,45,1,24,2,20.88,191.1
employee_037,2025-02-10,Person 36,PC-136,3,1,68,2,23,2,22.65,185.44
employee_037,2025-02-11,Person 36,PC-136,3,0,62,1,30,2,18.21,208.69
employee_037,2025-02-12,Person 36,PC-136,3,0,52,0,21,2,23.05,222.41
employee_037,2025-02-13,Person 36,PC-136,4,0,55,1,24,1,19.06,192.16
employee_037,2025-02-14,Person 36,PC-136,3,0,70,1,25,1,19.36,168.3
employee_037,2025-02-15,Person 36,PC-136,2,0,60,0,28,2,18.32,218.71
employee_037,2025-02-16,Person 36,PC-136,2,1,55,1,25,1,18.83,177.45
employee_037,2025-02-17,Person 36,PC-136,3,1,42,0,22,2,19.46,174.55
employee_037,2025-02-18,Person 36,PC-136,4,0,49,0,25,2,17.98,196.97
employee_037,2025-02-19,Person 36,PC-136,3,0,49,1,27,1,22.85,156.98
employee_038,2025-01-06,Person 37,PC-137,5,0,61,4,34,3,30.03,137.22
employee_038,2025-01-07,Person 37,PC-137,5,1,51,3,25,5,29.47,148.78
employee_038,2025-01-08,Person 37,PC-137,3,0,63,3,31,3,26.88,100.61
employee_038,2025-01-09,Person 37,PC-137,5,0,45,3,20,5,24.65,101.92
employee_038,2025-01-10,Person 37,PC-137,5,0,61,2,28,3,26.81,153.49
employee_038,2025-01-11,Person 37,PC-137,6,0,46,3,25,4,23.83,136.23
employee_038,2025-01-12,Person 37,PC-137,4,0,63,4,30,4,29.47,150.73
employee_038,2025-01-13,Person 37,PC-137,4,0,57,3,27,4,28.11,163.61
employee_038,2025-01-14,Person 37,PC-137,4,1,60,3,21,4,28.25,162.7
employee_038,2025-01-15,Person 37,PC-137,4,0,46,3,28,3,26.76,141.81
employee_038,2025-01-16,Person 37,PC-137,5,0,54,3,24,5,27.17,157.03
employee_038,2025-01-17,Person 37,PC-137,4,0,53,2,37,4,27.2,123.18
employee_038,2025-01-18,Person 37,PC-137,5,0,61,3,23,4,30.07,172.16
employee_038,2025-01-19,Person 37,PC-137,7,0,46,3,26,4,24.2,163.45
employee_038,2025-01-20,Person 37,PC-137,4,0,54,3,28,4,26.39,149.87
employee_038,2025-01-21,Person 37,PC-137,5,1,50,3,26,4,28.84,131.29
employee_038,2025-01-22,Person 37,PC-137,3,0,58,3,30,3,29.66,176.74
employee_038,2025-01-23,Person 37,PC-137,5,0,43,3,35,4,32.72,122.86
employee_038,2025-01-24,Person 37,PC-137,4,0,55,2,32,5,24.41,164.81
employee_038,2025-01-25,Person 37,PC-137,5,0,62,2,25,3,49.37,140.46
employee_038,2025-01-26,Person 37,PC-137,5,1,42,3,32,4,28.22,177.8
employee_038,2025-01-27,Person 37,PC-137,4,0,57,2,33,4,27.9,173.35
employee_038,2025-01-28,Person 37,PC-137,4,1,47,4,28,4,23.45,117.71
employee_038,2025-01-29,Person 37,PC-137,4,0,40,4,31,6,21.92,148.55
employee_038,2025-01-30,Person 37,PC-137,4,0,48,3,32,6,29.82,161.94
employee_038,2025-01-31,Person 37,PC-137,5,0,52,2,24,4,22.05,150.82
employee_038,2025-02-01,Person 37,PC-137,3,0,57,3,31,4,27.37,151.55
employee_038,2025-02-02,Person 37,PC-137,4,1,50,3,28,5,25.25,158.42
employee_038,2025-02-03,Person 37,PC-137,3,0,107,3,36,4,24.18,127.79
employee_038,2025-02-04,Person 37,PC-137,4,0,54,2,30,5,28.14,148.22
employee_038,2025-02-05,Person 37,PC-137,5,0,63,3,23,5,26.74,133.52
employee_038,2025-02-06,Person 37,PC-137,4,0,44,7,29,4,19.51,145.64
employee_038,2025-02-07,Person 37,PC-137,4,0,57,4,27,4,25.89,101.27
employee_038,2025-02-08,Person 37,PC-137,5,0,46,3,37,4,26.58,148.47
employee_038,2025-02-09,Person 37,PC-137,5,0,53,2,28,4,23.25,113.71
employee_038,2025-02-10,Person 37,PC-137,5,1,36,3,27,4,28.37,170.11
employee_038,2025-02-11,Person 37,PC-137,5,0,58,3,25,4,27.54,130.63
employee_038,2025-02-12,Person 37,PC-137,4,0,43,3,32,5,26.72,154.8
employee_038,2025-02-13,Person 37,PC-137,3,0,52,3,29,4,32.55,121.0
employee_038,2025-02-14,Person 37,PC-137,5,0,50,3,31,5,27.24,138.36
employee_038,2025-02-15,Person 37,PC-137,5,0,41,3,31,4,32.33,144.31
employee_038,2025-02-16,Person 37,PC-137,5,0,46,3,62,4,19.74,159.08
employee_038,2025-02-17,Person 37,PC-137,4,0,44,3,30,4,29.16,122.79
employee_038,2025-02-18,Person 37,PC-137,4,0,54,3,32,4,33.3,167.62
employee_038,2025-02-19,Person 37,PC-137,4,0,39,4,56,3,30.39,148.67
employee_039,2025-01-06,Person 38,PC-138,3,0,27,2,17,5,26.05,265.2
employee_039,2025-01-07,Person 38,PC-138,4,0,19,2,17,5,20.67,272.76
employee_039,2025-01-08,Person 38,PC-138,3,0,22,2,19,6,21.66,313.75
employee_039,2025-01-09,Person 38,PC-138,2,0,23,1,18,10,24.22,245.33
employee_039,2025-01-10,Person 38,PC-138,3,1,62,2,18,5,27.24,312.75
employee_039,2025-01-11,Person 38,PC-138,3,1,17,2,19,6,24.56,257.93
employee_039,2025-01-12,Person 38,PC-138,3,0,24,2,20,5,25.19,299.9
employee_039,2025-01-13,Person 38,PC-138,3,0,30,2,20,7,22.76,233.94
employee_039,2025-01-14,Person 38,PC-138,2,0,24,2,17,6,24.76,215.72
employee_039,2025-01-15,Person 38,PC-138,2,0,20,2,18,6,27.56,242.08
employee_039,2025-01-16,Person 38,PC-138,2,0,22,2,19,5,19.46,291.99
employee_039,2025-01-17,Person 38,PC-138,3,0,26,2,19,6,33.2,239.53
employee_039,2025-01-18,Person 38,PC-138,2,0,24,1,18,6,22.34,276.45
employee_039,2025-01-19,Person 38,PC-138,2,0,25,2,13,5,58.33,259.34
employee_039,2025-01-20,Person 38,PC-138,2,0,21,2,17,7,18.86,290.28
employee_039,2025-01-21,Person 38,PC-138,3,0,23,2,19,4,21.96,193.33
employee_039,2025-01-22,Person 38,PC-138,5,0,21,2,15,5,22.09,267.56
employee_039,2025-01-23,Person 38,PC-138,3,0,22,2,18,6,23.6,280.77
employee_039,2025-01-24,Person 38,PC-138,2,0,20,1,17,5,26.8,204.4
employee_039,2025-01-25,Person 38,PC-138,2,0,23,3,21,6,23.62,255.17
employee_039,2025-01-26,Person 38,PC-138,3,0,20,1,20,7,23.52,277.13
employee_039,2025-01-27,Person 38,PC-138,4,0,23,1,22,6,26.14,257.77
employee_039,2025-01-28,Person 38,PC-138,2,0,23,2,21,7,28.89,248.98
employee_039,2025-01-29,Person 38,PC-138,3,0,22,1,23,6,23.29,267.88
employee_039,2025-01-30,Person 38,PC-138,3,0,29,2,16,5,23.69,302.7
employee_039,2025-01-31,Person 38,PC-138,3,0,23,2,19,5,20.54,252.7
employee_039,2025-02-01,Person 38,PC-138,4,0,25,1,23,6,22.22,180.11
employee_039,2025-02-02,Person 38,PC-138,2,0,22,2,16,6,23.92,205.04
employee_039,2025-02-03,Person 38,PC-138,3,0,23,2,21,6,24.05,315.54
employee_039,2025-02-04,Person 38,PC-138,3,0,23,1,17,4,28.83,242.92
employee_039,2025-02-05,Person 38,PC-138,3,0,24,5,18,6,22.84,302.15
employee_039,2025-02-06,Person 38,PC-138,2,0,22,1,16,4,22.18,227.11
employee_039,2025-02-07,Person 38,PC-138,4,0,24,2,15,7,22.86,293.92
employee_039,2025-02-08,Person 38,PC-138,3,0,23,2,15,4,29.27,263.36
employee_039,2025-02-09,Person 38,PC-138,4,0,24,2,20,6,23.56,265.2
employee_039,2025-02-10,Person 38,PC-138,3,0,22,1,16,6,29.53,301.98
employee_039,2025-02-11,Person 38,PC-138,3,0,26,2,19,5,25.74,251.1
employee_039,2025-02-12,Person 38,PC-138,3,0,22,2,20,8,22.86,278.75
employee_039,2025-02-13,Person 38,PC-138,3,0,25,1,18,6,24.44,309.43
employee_039,2025-02-14,Person 38,PC-138,2,0,24,1,18,7,24.26,243.01
employee_039,2025-02-15,Person 38,PC-138,4,0,20,2,23,6,24.76,250.35
employee_039,2025-02-16,Person 38,PC-138,3,0,26,2,20,6,40.78,276.62
employee_039,2025-02-17,Person 38,PC-138,4,0,21,2,19,10,25.14,291.38
employee_039,2025-02-18,Person 38,PC-138,3,0,22,1,18,6,23.51,246.0
employee_039,2025-02-19,Person 38,PC-138,3,0,22,2,19,6,27.04,263.08
employee_040,2025-01-06,Person 39,PC-139,2,1,50,3,24,1,6.06,173.41
employee_040,2025-01-07,Person 39,PC-139,4,0,50,2,40,1,5.22,174.77
employee_040,2025-01-08,Person 39,PC-139,5,0,26,1,48,1,6.68,153.46
employee_040,2025-01-09,Person 39,PC-139,5,0,22,1,37,1,5.94,176.73
employee_040,2025-01-10,Person 39,PC-139,4,1,29,1,43,1,6.14,205.58
employee_040,2025-01-11,Person 39,PC-139,5,0,24,2,36,1,6.51,178.6
employee_040,2025-01-12,Person 39,PC-139,4,0,29,2,32,1,5.53,189.8
employee_040,2025-01-13,Person 39,PC-139,4,1,27,1,36,1,6.25,174.38
employee_040,2025-01-14,Person 39,PC-139,3,0,27,2,40,1,6.46,383.87
employee_040,2025-01-15,Person 39,PC-139,4,1,27,1,45,1,7.58,148.8
employee_040,2025-01-16,Person 39,PC-139,5,0,28,2,36,1,5.65,190.14
employee_040,2025-01-17,Person 39,PC-139,4,0,23,2,33,1,7.5,182.35
employee_040,2025-01-18,Person 39,PC-139,4,0,32,2,41,1,5.54,177.45
employee_040,2025-01-19,Person 39,PC-139,4,0,23,2,37,1,8.18,171.87
employee_040,2025-01-20,Person 39,PC-139,4,0,24,2,38,2,6.07,197.94
employee_040,2025-01-21,Person 39,PC-139,4,1,24,2,40,1,7.1,149.94
employee_040,2025-01-22,Person 39,PC-139,5,1,43,2,43,1,7.37,145.22
employee_040,2025-01-23,Person 39,PC-139,5,1,27,1,33,1,5.88,176.75
employee_040,2025-01-24,Person 39,PC-139,3,1,20,2,41,0,5.61,161.06
employee_040,2025-01-25,Person 39,PC-139,4,0,25,2,33,1,6.35,170.93
employee_040,2025-01-26,Person 39,PC-139,4,0,27,5,43,0,5.62,170.77
employee_040,2025-01-27,Person 39,PC-139,4,0,26,1,43,1,4.78,148.24
employee_040,2025-01-28,Person 39,PC-139,8,0,47,2,39,1,7.49,139.03
employee_040,2025-01-29,Person 39,PC-139,4,1,25,2,41,1,7.15,172.32
employee_040,2025-01-30,Person 39,PC-139,5,1,23,2,40,1,7.47,181.92
employee_040,2025-01-31,Person 39,PC-139,4,0,27,1,34,1,5.43,143.44
employee_040,2025-02-01,Person 39,PC-139,5,0,24,2,35,1,6.81,172.71
employee_040,2025-02-02,Person 39,PC-139,4,1,20,1,33,0,5.68,135.59
employee_040,2025-02-03,Person 39,PC-139,3,0,22,2,32,1,5.61,189.99
employee_040,2025-02-04,Person 39,PC-139,5,0,22,2,49,1,6.48,172.73
employee_040,2025-02-05,Person 39,PC-139,3,0,31,2,32,1,6.62,202.27
employee_040,2025-02-06,Person 39,PC-139,5,0,23,2,79,1,6.42,180.46
employee_040,2025-02-07,Person 39,PC-139,5,0,24,1,45,1,6.62,129.41
employee_040,2025-02-08,Person 39,PC-139,4,0,27,2,41,1,5.41,167.68
employee_040,2025-02-09,Person 39,PC-139,5,1,26,2,32,1,6.92,166.93
employee_040,2025-02-10,Person 39,PC-139,4,1,25,2,37,1,6.54,178.6
employee_040,2025-02-11,Person 39,PC-139,10,0,21,2,36,1,4.03,142.99
employee_040,2025-02-12,Person 39,PC-139,5,1,21,2,38,1,8.46,165.12
employee_040,2025-02-13,Person 39,PC-139,4,1,24,1,35,1,6.09,174.33
employee_040,2025-02-14,Person 39,PC-139,4,0,24,2,45,2,4.4,130.14
employee_040,2025-02-15,Person 39,PC-139,3,1,24,2,32,1,5.89,182.94
employee_040,2025-02-16,Person 39,PC-139,5,0,24,2,34,1,5.52,170.43
employee_040,2025-02-17,Person 39,PC-139,3,1,26,2,41,1,8.62,168.29
employee_040,2025-02-18,Person 39,PC-139,4,0,23,1,46,1,6.21,188.61
employee_040,2025-02-19,Person 39,PC-139,3,0,22,2,43,1,7.15,214.37
